JvmtiExport can_access_local_variables 1
JvmtiExport can_hotswap_or_post_breakpoint 1
JvmtiExport can_post_on_exceptions 1
# 223 ciObject found
ciInstanceKlass java/lang/Cloneable 1 1 7 100 1 100 1 1 1
instanceKlass sun/security/ssl/Alert$AlertConsumer
instanceKlass org/apache/tomcat/util/buf/HexUtils
instanceKlass org/apache/coyote/http11/Constants
instanceKlass tools/jackson/databind/ser/impl/PropertySerializerMap$TypeAndSerializer
instanceKlass tools/jackson/core/io/NumberOutput
instanceKlass tools/jackson/databind/ser/jdk/NumberSerializers$1
instanceKlass tools/jackson/databind/ser/impl/PropertySerializerMap$SerializerAndMapResult
instanceKlass tools/jackson/databind/ser/jdk/JDKMiscSerializers
instanceKlass tools/jackson/databind/ser/jdk/NumberSerializers
instanceKlass tools/jackson/databind/ser/jdk/JDKCoreSerializers
instanceKlass tools/jackson/core/io/CharTypes$AltQuoteEscapes
instanceKlass java/util/AbstractMap$SimpleEntry
instanceKlass tools/jackson/databind/ser/jdk/MapSerializer$1
instanceKlass tools/jackson/databind/ser/jdk/JDKKeySerializers
instanceKlass tools/jackson/databind/ser/BasicSerializerFactory$1
instanceKlass tools/jackson/databind/ser/impl/PropertySerializerMap
instanceKlass com/fasterxml/jackson/annotation/JsonFilter
instanceKlass tools/jackson/databind/util/internal/PrivateMaxEntriesMap$EntryIterator
instanceKlass tools/jackson/databind/util/TypeKey
instanceKlass tools/jackson/databind/ser/impl/ReadOnlyClassToSerializerMap$Bucket
instanceKlass tools/jackson/databind/ser/impl/ReadOnlyClassToSerializerMap
instanceKlass tools/jackson/databind/ObjectWriter$Prefetch
instanceKlass tools/jackson/databind/cfg/GeneratorSettings
instanceKlass tools/jackson/databind/type/TypeBindings$AsKey
instanceKlass tools/jackson/databind/type/TypeBindings$TypeParamStash
instanceKlass org/springframework/util/TypeUtils
instanceKlass org/apache/coyote/Constants
instanceKlass org/springframework/http/StreamingHttpOutputMessage
instanceKlass org/apache/tomcat/util/http/parser/MediaType
instanceKlass org/springframework/web/servlet/mvc/method/annotation/AbstractMessageConverterMethodProcessor$2
instanceKlass org/springframework/web/util/UriUtils
instanceKlass jakarta/xml/bind/annotation/XmlRootElement
instanceKlass jakarta/xml/bind/JAXBElement
instanceKlass org/springframework/http/converter/json/MappingJacksonValue
instanceKlass org/springframework/http/server/ServletResponseHeadersAdapter
instanceKlass org/springframework/http/server/ServletServerHttpResponse
instanceKlass org/springframework/web/servlet/mvc/method/annotation/StreamingResponseBody
instanceKlass org/springframework/web/servlet/view/FragmentsRendering
instanceKlass org/springframework/web/method/support/AsyncHandlerMethodReturnValueHandler
instanceKlass org/springframework/http/ResponseEntity$BodyBuilder
instanceKlass org/springframework/http/ResponseEntity$HeadersBuilder
instanceKlass org/springframework/boot/webmvc/autoconfigure/error/BasicErrorController$1
instanceKlass org/springframework/web/bind/annotation/RequestAttribute
instanceKlass org/springframework/web/bind/annotation/SessionAttribute
instanceKlass org/springframework/web/bind/annotation/CookieValue
instanceKlass org/springframework/web/bind/annotation/RequestHeader
instanceKlass org/springframework/web/servlet/handler/AbstractHandlerMethodMapping$MatchComparator
instanceKlass java/util/stream/ReduceOps$6ReducingSink
instanceKlass java/util/function/IntBinaryOperator
instanceKlass jakarta/servlet/ServletRequestWrapper
instanceKlass org/apache/catalina/core/ApplicationDispatcher$State
instanceKlass org/apache/catalina/core/ApplicationDispatcher
instanceKlass org/apache/catalina/AsyncDispatcher
instanceKlass org/apache/catalina/core/ApplicationContext$DispatchData
instanceKlass org/apache/catalina/util/RequestUtil
instanceKlass ch/qos/logback/classic/spi/ClassPackagingData
instanceKlass ch/qos/logback/classic/spi/STEUtil
instanceKlass ch/qos/logback/classic/spi/PackagingDataCalculator
instanceKlass ch/qos/logback/classic/spi/ThrowableProxyUtil
instanceKlass ch/qos/logback/classic/spi/StackTraceElementProxy
instanceKlass ch/qos/logback/classic/spi/ThrowableProxy
instanceKlass org/hibernate/engine/jdbc/internal/JdbcCoordinatorImpl$1
instanceKlass org/hibernate/resource/transaction/internal/SynchronizationLogging
instanceKlass org/springframework/dao/support/DataAccessUtils
instanceKlass org/springframework/dao/support/ChainedPersistenceExceptionTranslator
instanceKlass org/hibernate/internal/ExceptionConverterImpl
instanceKlass org/hibernate/internal/util/JdbcExceptionHelper
instanceKlass org/hibernate/engine/jdbc/spi/SQLExceptionLogging
instanceKlass org/hibernate/result/internal/OutputsImpl$CurrentReturnState
instanceKlass org/hibernate/sql/results/jdbc/spi/RowProcessingState
instanceKlass org/hibernate/sql/results/jdbc/spi/JdbcValuesSourceProcessingState
instanceKlass org/hibernate/sql/results/jdbc/spi/JdbcValues
instanceKlass org/hibernate/sql/results/jdbc/internal/ResultSetAccess
instanceKlass org/hibernate/sql/results/jdbc/spi/JdbcValuesMetadata
instanceKlass org/hibernate/result/internal/OutputsImpl
instanceKlass com/microsoft/sqlserver/jdbc/DTV$1
instanceKlass com/microsoft/sqlserver/jdbc/Parameter$1
instanceKlass org/hibernate/type/descriptor/JdbcBindingLogging
instanceKlass org/hibernate/sql/exec/internal/CallbackImpl
instanceKlass org/hibernate/sql/exec/internal/BaseExecutionContext
instanceKlass org/hibernate/sql/exec/internal/JdbcParameterBindingImpl
instanceKlass org/hibernate/sql/exec/spi/JdbcParameterBindings$1
instanceKlass org/hibernate/sql/exec/internal/JdbcParameterBindingsImpl
instanceKlass org/hibernate/sql/exec/internal/JdbcCallParameterRegistrationImpl$1
instanceKlass com/microsoft/sqlserver/jdbc/Parameter
instanceKlass mssql/googlecode/concurrentlinkedhashmap/ConcurrentLinkedHashMap$AddTask
instanceKlass mssql/googlecode/concurrentlinkedhashmap/ConcurrentLinkedHashMap$WeightedValue
instanceKlass com/microsoft/sqlserver/jdbc/ParsedSQLCacheItem
instanceKlass java/util/stream/Nodes$IntArrayNode
instanceKlass java/util/stream/Node$Builder$OfInt
instanceKlass java/util/LinkedList$LLSpliterator
instanceKlass com/microsoft/sqlserver/jdbc/ParameterUtils
instanceKlass com/microsoft/sqlserver/jdbc/JDBCSyntaxTranslator
instanceKlass mssql/googlecode/cityhash/CityHash
instanceKlass com/microsoft/sqlserver/jdbc/SQLServerConnection$CityHash128Key
instanceKlass com/microsoft/sqlserver/jdbc/ReconnectListener
instanceKlass com/microsoft/sqlserver/jdbc/ISQLServerBulkData
instanceKlass java/sql/ParameterMetaData
instanceKlass com/microsoft/sqlserver/jdbc/ISQLServerCallableStatement
instanceKlass com/microsoft/sqlserver/jdbc/ISQLServerPreparedStatement
instanceKlass org/hibernate/engine/jdbc/internal/BasicFormatterImpl$FormatProcess
instanceKlass org/hibernate/engine/jdbc/internal/FormatStyle$NoFormatImpl
instanceKlass org/hibernate/engine/jdbc/internal/HighlightingFormatter
instanceKlass org/hibernate/engine/jdbc/internal/DDLFormatterImpl
instanceKlass org/hibernate/engine/jdbc/internal/BasicFormatterImpl
instanceKlass org/hibernate/engine/jdbc/internal/StatementPreparerImpl$StatementPreparationTemplate
instanceKlass org/hibernate/engine/jdbc/internal/StatementPreparerImpl
instanceKlass org/hibernate/sql/exec/internal/JdbcCallImpl
instanceKlass org/hibernate/sql/exec/internal/JdbcCallImpl$1
instanceKlass org/hibernate/sql/exec/spi/JdbcCallParameterExtractor
instanceKlass org/hibernate/sql/exec/internal/JdbcCallParameterRegistrationImpl
instanceKlass org/hibernate/sql/exec/internal/AbstractJdbcParameter
instanceKlass org/hibernate/sql/ast/tree/expression/JdbcParameter
instanceKlass org/hibernate/procedure/internal/ProcedureParameterImpl$1
instanceKlass org/hibernate/type/internal/BindingTypeHelper
instanceKlass org/hibernate/sql/exec/spi/JdbcCallRefCursorExtractor
instanceKlass org/hibernate/sql/exec/spi/JdbcOperationQueryCall
instanceKlass org/hibernate/sql/exec/spi/JdbcOperationQueryAnonBlock
instanceKlass org/hibernate/sql/exec/spi/JdbcOperationQuery
instanceKlass org/hibernate/sql/exec/spi/CacheableJdbcOperation
instanceKlass org/hibernate/sql/exec/spi/JdbcOperation
instanceKlass org/hibernate/sql/exec/internal/JdbcCallImpl$Builder
instanceKlass org/hibernate/procedure/internal/AbstractStandardCallableStatementSupport
instanceKlass org/hibernate/query/internal/QueryArguments
instanceKlass org/hibernate/query/internal/QueryParameterBindingValidator
instanceKlass org/hibernate/query/internal/QueryParameterBindingImpl
instanceKlass org/hibernate/sql/exec/spi/JdbcParameterBinder
instanceKlass org/hibernate/sql/exec/spi/JdbcCallParameterRegistration
instanceKlass org/hibernate/query/named/NamedQueryMemento$ParameterMemento
instanceKlass org/hibernate/query/spi/AbstractQueryParameter
instanceKlass org/hibernate/query/spi/QueryParameterBindings$2
instanceKlass org/hibernate/query/spi/QueryParameterBindings$1
instanceKlass org/hibernate/procedure/spi/ProcedureParameterBinding
instanceKlass org/hibernate/query/spi/QueryParameterBinding
instanceKlass org/hibernate/cache/spi/QueryKey$ParameterBindingsMemento
instanceKlass org/hibernate/procedure/internal/ProcedureParamBindings
instanceKlass org/hibernate/procedure/internal/ProcedureParameterMetadataImpl
instanceKlass org/hibernate/sql/results/graph/DomainResultCreationState
instanceKlass org/hibernate/sql/results/graph/DomainResult
instanceKlass org/hibernate/sql/results/graph/DomainResultGraphNode
instanceKlass org/hibernate/sql/results/jdbc/spi/JdbcValuesMapping
instanceKlass org/hibernate/query/results/internal/ResultSetMappingImpl
instanceKlass org/hibernate/query/spi/Limit
instanceKlass org/hibernate/query/spi/QueryOptionsAdapter
instanceKlass org/hibernate/query/internal/QueryOptionsImpl
instanceKlass org/hibernate/sql/exec/spi/ExecutionContext
instanceKlass org/hibernate/procedure/spi/FunctionReturnImplementor
instanceKlass org/hibernate/query/results/ResultBuilder
instanceKlass org/hibernate/query/results/GraphNodeBuilder
instanceKlass org/hibernate/procedure/ProcedureOutputs
instanceKlass org/hibernate/result/Outputs
instanceKlass org/hibernate/procedure/spi/ProcedureParameterImplementor
instanceKlass org/hibernate/sql/exec/spi/JdbcParameterBindings
instanceKlass org/hibernate/sql/exec/spi/JdbcParameterBinding
instanceKlass org/hibernate/query/spi/QueryParameterBindings
instanceKlass org/hibernate/procedure/spi/NamedCallableQueryMemento
instanceKlass org/hibernate/query/spi/ProcedureParameterMetadataImplementor
instanceKlass org/hibernate/procedure/FunctionReturn
instanceKlass org/hibernate/procedure/ProcedureParameter
instanceKlass org/hibernate/query/ResultListTransformer
instanceKlass org/hibernate/query/TupleTransformer
instanceKlass org/hibernate/sql/exec/spi/Callback
instanceKlass org/hibernate/ScrollableResults
instanceKlass org/hibernate/query/spi/MutableQueryOptions
instanceKlass org/hibernate/query/spi/QueryOptions
instanceKlass org/hibernate/query/spi/AbstractCommonQueryContract
instanceKlass org/hibernate/query/spi/DomainQueryExecutionContext
instanceKlass org/hibernate/result/spi/ResultContext
instanceKlass org/hibernate/procedure/spi/ProcedureCallImplementor
instanceKlass org/springframework/orm/jpa/vendor/HibernateJpaDialect$HibernateConnectionHandle
instanceKlass org/springframework/orm/jpa/vendor/HibernateJpaDialect$SessionTransactionData
instanceKlass org/hibernate/internal/NonContextualJdbcConnectionAccess
instanceKlass org/hibernate/resource/transaction/backend/jdbc/internal/JdbcResourceLocalTransactionCoordinatorImpl$TransactionDriverControlImpl
instanceKlass org/hibernate/resource/transaction/backend/jta/internal/JtaTransactionCoordinatorImpl
instanceKlass org/hibernate/resource/transaction/backend/jta/internal/synchronization/SynchronizationCallbackTarget
instanceKlass org/hibernate/engine/transaction/internal/TransactionImpl
instanceKlass org/hibernate/engine/transaction/spi/TransactionImplementor
instanceKlass org/springframework/transaction/support/ResourceTransactionDefinition
instanceKlass org/springframework/transaction/support/ResourceHolderSupport
instanceKlass org/springframework/transaction/support/ResourceHolder
instanceKlass org/hibernate/internal/SessionLogging
instanceKlass org/hibernate/engine/spi/EffectiveEntityGraph
instanceKlass org/hibernate/graph/spi/AppliedGraph
instanceKlass org/hibernate/engine/spi/LoadQueryInfluencers
instanceKlass org/hibernate/engine/internal/TransactionCompletionCallbacksImpl
instanceKlass org/hibernate/engine/spi/ExecutableList$Sorter
instanceKlass org/hibernate/engine/spi/TransactionCompletionCallbacksImplementor
instanceKlass org/hibernate/engine/spi/ActionQueue
instanceKlass org/hibernate/engine/internal/EntityEntryContext
instanceKlass org/hibernate/engine/internal/StatefulPersistenceContext$1
instanceKlass org/hibernate/engine/spi/NaturalIdResolutions
instanceKlass org/hibernate/engine/spi/EntityHolder
instanceKlass org/hibernate/engine/internal/StatefulPersistenceContext
instanceKlass org/hibernate/engine/spi/PersistenceContext
instanceKlass org/hibernate/engine/internal/PersistenceContexts
instanceKlass org/hibernate/engine/extension/spi/ExtensionIntegration
instanceKlass org/hibernate/engine/extension/internal/ExtensionIntegrationServiceImpl
instanceKlass org/hibernate/stat/internal/QueryStatisticsImpl
instanceKlass org/hibernate/stat/internal/AbstractCacheableDataStatistics
instanceKlass org/hibernate/stat/internal/CacheRegionStatisticsImpl
instanceKlass org/hibernate/internal/log/StatisticsLogger
instanceKlass org/hibernate/stat/internal/StatsNamedContainer
instanceKlass org/hibernate/stat/QueryStatistics
instanceKlass org/hibernate/stat/CollectionStatistics
instanceKlass org/hibernate/stat/EntityStatistics
instanceKlass org/hibernate/stat/NaturalIdStatistics
instanceKlass org/hibernate/stat/CacheableDataStatistics
instanceKlass org/hibernate/stat/CacheRegionStatistics
instanceKlass org/hibernate/stat/internal/StatisticsImpl
instanceKlass org/hibernate/stat/spi/StatisticsFactory
instanceKlass org/hibernate/internal/JdbcSessionContextImpl
instanceKlass org/hibernate/engine/creation/internal/SharedSessionCreationOptions
instanceKlass org/hibernate/resource/jdbc/internal/EmptyStatementInspector
instanceKlass org/hibernate/engine/internal/SessionMetricsLogger
instanceKlass org/hibernate/engine/internal/StatisticalLoggingSessionEventListener
instanceKlass org/hibernate/engine/internal/SessionEventListenerManagerImpl
instanceKlass org/hibernate/cache/internal/NoCachingTransactionSynchronizationImpl
instanceKlass org/hibernate/resource/transaction/spi/TransactionObserver
instanceKlass org/hibernate/engine/spi/TransactionCompletionCallbacks
instanceKlass org/hibernate/engine/spi/EntityKey
instanceKlass org/hibernate/engine/spi/ExceptionConverter
instanceKlass org/hibernate/engine/spi/CollectionKey
instanceKlass org/hibernate/query/sql/spi/NativeQueryImplementor
instanceKlass org/hibernate/query/named/NameableQuery
instanceKlass org/hibernate/query/spi/QueryImplementor
instanceKlass org/hibernate/engine/spi/SessionEventListenerManager
instanceKlass org/hibernate/engine/creation/internal/ParentSessionObserver
instanceKlass org/hibernate/internal/AbstractSharedSessionContract
instanceKlass org/hibernate/engine/extension/spi/ExtensionIntegrationContext
instanceKlass org/hibernate/loader/internal/LoadAccessContext
instanceKlass org/hibernate/event/spi/EventSource
instanceKlass org/springframework/transaction/support/TransactionSynchronizationUtils$ScopedProxyUnwrapper
instanceKlass org/springframework/core/InfrastructureProxy
instanceKlass org/springframework/transaction/support/TransactionSynchronizationUtils
instanceKlass org/springframework/transaction/support/TransactionSynchronizationManager
instanceKlass org/springframework/transaction/support/DelegatingTransactionDefinition
instanceKlass org/springframework/transaction/support/CallbackPreferringPlatformTransactionManager
instanceKlass org/springframework/transaction/interceptor/TransactionInterceptor$1
instanceKlass org/springframework/aop/framework/ReflectiveMethodInvocation
instanceKlass org/springframework/aop/ProxyMethodInvocation
instanceKlass org/hibernate/validator/internal/constraintvalidators/bv/number/bound/NumberComparatorHelper
instanceKlass org/hibernate/validator/constraintvalidation/HibernateConstraintViolationBuilder
instanceKlass jakarta/validation/ConstraintValidatorContext$ConstraintViolationBuilder
instanceKlass org/hibernate/validator/internal/engine/constraintvalidation/ConstraintValidatorContextImpl
instanceKlass org/hibernate/validator/constraintvalidation/HibernateConstraintValidatorContext
instanceKlass org/hibernate/validator/internal/engine/constraintvalidation/ConstraintValidatorManagerImpl$CacheKey
instanceKlass org/hibernate/jpa/internal/util/PersistenceUtilHelper$FieldAttributeAccess
instanceKlass org/hibernate/jpa/internal/util/PersistenceUtilHelper$AttributeAccess
instanceKlass org/hibernate/jpa/internal/util/PersistenceUtilHelper$ClassMetadataCache
instanceKlass org/hibernate/engine/internal/ManagedTypeHelper
instanceKlass jakarta/persistence/spi/PersistenceProviderResolverHolder$DefaultPersistenceProviderResolver$CacheKeyReference
instanceKlass jakarta/persistence/spi/PersistenceProviderResolverHolder$DefaultPersistenceProviderResolver$CacheKey
instanceKlass jakarta/persistence/spi/PersistenceProviderResolverHolder$DefaultPersistenceProviderResolver
instanceKlass jakarta/persistence/spi/PersistenceProviderResolver
instanceKlass jakarta/persistence/spi/PersistenceProviderResolverHolder
instanceKlass org/hibernate/validator/internal/engine/resolver/CachingJPATraversableResolverForSingleValidation$TraversableHolder
instanceKlass org/hibernate/validator/internal/engine/valuecontext/ValueContext$ValueState
instanceKlass org/hibernate/validator/internal/engine/valuecontext/ValueContexts
instanceKlass org/hibernate/validator/internal/engine/path/MutableNode
instanceKlass org/hibernate/validator/path/ContainerElementNode
instanceKlass org/hibernate/validator/path/PropertyNode
instanceKlass jakarta/validation/Path$ContainerElementNode
instanceKlass jakarta/validation/Path$CrossParameterNode
instanceKlass jakarta/validation/Path$ReturnValueNode
instanceKlass jakarta/validation/Path$ParameterNode
instanceKlass jakarta/validation/Path$BeanNode
instanceKlass jakarta/validation/Path$ConstructorNode
instanceKlass jakarta/validation/Path$MethodNode
instanceKlass jakarta/validation/Path$PropertyNode
instanceKlass org/hibernate/validator/internal/engine/path/MutablePath
instanceKlass org/hibernate/validator/path/Path
instanceKlass jakarta/validation/MessageInterpolator$Context
instanceKlass org/hibernate/validator/internal/engine/validationcontext/AbstractValidationContext
instanceKlass org/hibernate/validator/internal/engine/resolver/CachingJPATraversableResolverForSingleValidation
instanceKlass org/hibernate/validator/internal/engine/resolver/TraverseAllTraversableResolver
instanceKlass org/hibernate/validator/internal/engine/validationcontext/ExecutableValidationContext
instanceKlass org/hibernate/validator/internal/engine/validationcontext/ValidationContextBuilder
instanceKlass org/hibernate/validator/internal/util/ConcurrentReferenceHashMap$KeyReference
instanceKlass org/hibernate/validator/internal/engine/groups/GroupWithInheritance
instanceKlass org/hibernate/validator/internal/engine/groups/Sequence
instanceKlass org/hibernate/validator/internal/engine/groups/ValidationOrder$DefaultSequenceValidationOrder
instanceKlass org/hibernate/validator/internal/engine/groups/Group
instanceKlass org/hibernate/validator/internal/engine/groups/ValidationOrder$DefaultGroupValidationOrder
instanceKlass org/hibernate/validator/internal/metadata/aggregated/BeanMetaDataImpl$DefaultGroupSequenceContext
instanceKlass org/hibernate/validator/internal/util/classhierarchy/Filters$InterfacesFilter
instanceKlass org/hibernate/validator/internal/metadata/aggregated/BeanMetaDataImpl
instanceKlass jakarta/validation/metadata/ParameterDescriptor
instanceKlass jakarta/validation/metadata/ReturnValueDescriptor
instanceKlass jakarta/validation/metadata/ContainerDescriptor
instanceKlass jakarta/validation/metadata/CascadableDescriptor
instanceKlass org/hibernate/validator/internal/metadata/aggregated/ValidatableParametersMetaData
instanceKlass org/hibernate/validator/internal/metadata/aggregated/GroupConversionHelper
instanceKlass org/hibernate/validator/internal/metadata/aggregated/NonContainerCascadingMetaData
instanceKlass java/util/AbstractMap$2$1
instanceKlass java/util/AbstractMap$1$1
instanceKlass org/hibernate/validator/internal/metadata/aggregated/AbstractConstraintMetaData
instanceKlass org/hibernate/validator/internal/metadata/facets/Cascadable
instanceKlass org/hibernate/validator/internal/metadata/facets/Cascadable$Builder
instanceKlass com/fasterxml/classmate/Annotations
instanceKlass com/fasterxml/classmate/util/MethodKey
instanceKlass org/hibernate/validator/internal/util/actions/GetResolvedMemberMethods
instanceKlass com/fasterxml/classmate/ResolvedTypeWithMembers$AnnotationHandler
instanceKlass com/fasterxml/classmate/members/ResolvedMember
instanceKlass com/fasterxml/classmate/AnnotationConfiguration
instanceKlass com/fasterxml/classmate/ResolvedTypeWithMembers
instanceKlass com/fasterxml/classmate/members/HierarchicType
instanceKlass org/hibernate/validator/internal/util/ExecutableHelper$SimpleMethodFilter
instanceKlass com/fasterxml/classmate/MemberResolver
instanceKlass com/fasterxml/classmate/util/ResolvedTypeKey
instanceKlass com/fasterxml/classmate/util/ClassStack
instanceKlass org/hibernate/validator/internal/properties/Signature
instanceKlass org/hibernate/validator/internal/metadata/aggregated/ConstraintMetaData
instanceKlass org/hibernate/validator/internal/metadata/aggregated/BeanMetaDataBuilder$1
instanceKlass org/hibernate/validator/internal/metadata/aggregated/MetaDataBuilder
instanceKlass org/hibernate/validator/internal/metadata/aggregated/BeanMetaDataBuilder$BuilderDelegate
instanceKlass org/hibernate/validator/internal/metadata/provider/AnnotationMetaDataProvider$TypeArgumentFieldLocation
instanceKlass jakarta/validation/ConstraintValidatorContext
instanceKlass org/hibernate/validator/internal/engine/constraintvalidation/ConstraintTree
instanceKlass org/hibernate/validator/internal/metadata/core/MetaConstraint$ValueExtractionPathNode
instanceKlass org/hibernate/validator/internal/metadata/core/MetaConstraint
instanceKlass org/hibernate/validator/internal/metadata/location/TypeArgumentConstraintLocation
instanceKlass org/hibernate/validator/internal/metadata/core/MetaConstraints
instanceKlass org/hibernate/validator/internal/util/actions/GetDeclaredField
instanceKlass org/hibernate/validator/internal/properties/javabean/JavaBeanField$FieldAccessor
instanceKlass org/hibernate/validator/engine/HibernateValidatorEnhancedBean
instanceKlass org/hibernate/validator/internal/metadata/location/AbstractPropertyConstraintLocation
instanceKlass org/hibernate/validator/internal/metadata/location/ConstraintLocation
instanceKlass jakarta/validation/OverridesAttribute$List
instanceKlass jakarta/validation/OverridesAttribute
instanceKlass jakarta/validation/valueextraction/Unwrapping$Skip
instanceKlass jakarta/validation/valueextraction/Unwrapping$Unwrap
instanceKlass jakarta/validation/Payload
instanceKlass org/hibernate/validator/internal/util/actions/GetAnnotationAttributes
instanceKlass org/hibernate/validator/internal/util/annotation/AnnotationDescriptor
instanceKlass jakarta/validation/ReportAsSingleViolation
instanceKlass org/hibernate/validator/internal/properties/javabean/JavaBeanField
instanceKlass org/hibernate/validator/internal/util/classhierarchy/Filters$WeldProxyFilter
instanceKlass org/hibernate/validator/internal/util/classhierarchy/Filters
instanceKlass org/hibernate/validator/internal/util/classhierarchy/ClassHierarchyHelper
instanceKlass org/hibernate/validator/internal/util/classhierarchy/Filter
instanceKlass org/hibernate/validator/internal/metadata/aggregated/BeanMetaDataBuilder
instanceKlass org/springframework/beans/PropertyAccessorFactory
instanceKlass org/springframework/validation/annotation/ValidationAnnotationUtils
instanceKlass org/springframework/web/bind/support/BindParamNameResolver
instanceKlass org/springframework/validation/DefaultBindingErrorProcessor
instanceKlass org/springframework/web/bind/ServletRequestDataBinder$ServletRequestValueResolver
instanceKlass org/springframework/validation/DataBinder$ValueResolver
instanceKlass org/springframework/validation/AbstractErrors
instanceKlass org/springframework/validation/BindingErrorProcessor
instanceKlass tools/jackson/core/io/NumberInput
instanceKlass tools/jackson/databind/deser/bean/PropertyValue
instanceKlass tools/jackson/databind/deser/bean/PropertyValueBuffer
instanceKlass tools/jackson/core/util/JacksonFeatureSet
instanceKlass tools/jackson/core/TokenStreamContext
instanceKlass tools/jackson/core/json/ByteSourceJsonBootstrapper
instanceKlass tools/jackson/core/util/TextBuffer
instanceKlass tools/jackson/databind/deser/bean/PropertyBasedCreator
instanceKlass tools/jackson/databind/deser/jdk/RadixDeserializerFactory
instanceKlass tools/jackson/databind/deser/jdk/NumberDeserializers
instanceKlass tools/jackson/databind/deser/bean/BeanPropertyMap
instanceKlass com/fasterxml/jackson/annotation/JsonAlias
instanceKlass tools/jackson/databind/deser/ReadableObjectId$Referring
instanceKlass tools/jackson/databind/util/ViewMatcher
instanceKlass tools/jackson/databind/deser/impl/NullsConstantProvider
instanceKlass tools/jackson/databind/util/IgnorePropertiesUtil
instanceKlass com/fasterxml/jackson/annotation/JsonIncludeProperties$Value
instanceKlass com/fasterxml/jackson/annotation/JsonIncludeProperties
instanceKlass com/fasterxml/jackson/annotation/JsonIgnoreProperties$Value
instanceKlass com/fasterxml/jackson/annotation/JsonIgnoreProperties
instanceKlass tools/jackson/databind/deser/BeanDeserializerBuilder
instanceKlass tools/jackson/databind/BeanProperty$Std
instanceKlass tools/jackson/databind/annotation/JsonTypeResolver
instanceKlass tools/jackson/databind/deser/bean/CreatorCandidate$Param
instanceKlass tools/jackson/databind/deser/bean/CreatorCandidate
instanceKlass tools/jackson/databind/deser/bean/CreatorCollector
instanceKlass tools/jackson/databind/PropertyMetadata
instanceKlass com/fasterxml/jackson/annotation/JsonPropertyDescription
instanceKlass com/fasterxml/jackson/annotation/JsonPropertyOrder
instanceKlass tools/jackson/databind/annotation/JsonNaming
instanceKlass com/fasterxml/jackson/annotation/JacksonInject
instanceKlass tools/jackson/databind/introspect/POJOPropertyBuilder$2
instanceKlass tools/jackson/databind/introspect/POJOPropertyBuilder$1
instanceKlass tools/jackson/databind/introspect/PotentialCreator
instanceKlass com/fasterxml/jackson/annotation/JsonCreator
instanceKlass tools/jackson/databind/introspect/MethodGenericTypeResolver
instanceKlass com/fasterxml/jackson/annotation/JsonGetter
instanceKlass tools/jackson/databind/util/internal/UnreflectHandleSupplier
instanceKlass tools/jackson/databind/introspect/AnnotatedMethodCollector$MethodBuilder
instanceKlass tools/jackson/databind/introspect/MemberKey
instanceKlass pe/gob/sat/servicio/requerimiento/dto/RequerimientoFiltroRequestDto$RequerimientoFiltroRequestDtoBuilder
instanceKlass tools/jackson/databind/introspect/POJOPropertyBuilder$Linked
instanceKlass tools/jackson/databind/AnnotationIntrospector$ReferenceProperty
instanceKlass tools/jackson/databind/introspect/POJOPropertyBuilder$WithMember
instanceKlass com/fasterxml/jackson/annotation/JsonIgnore
instanceKlass com/fasterxml/jackson/annotation/JsonAutoDetect$1
instanceKlass com/fasterxml/jackson/annotation/JsonProperty
instanceKlass com/fasterxml/jackson/annotation/JsonSetter
instanceKlass tools/jackson/databind/PropertyName
instanceKlass com/fasterxml/jackson/annotation/JsonAnySetter
instanceKlass com/fasterxml/jackson/annotation/JsonAnyGetter
instanceKlass com/fasterxml/jackson/annotation/JsonValue
instanceKlass com/fasterxml/jackson/annotation/JsonKey
instanceKlass jakarta/validation/constraints/Min$List
instanceKlass jakarta/validation/constraints/NotNull$List
instanceKlass com/fasterxml/jackson/annotation/JacksonAnnotationsInside
instanceKlass jakarta/validation/Constraint
instanceKlass tools/jackson/databind/introspect/AnnotatedFieldCollector$FieldBuilder
instanceKlass tools/jackson/databind/introspect/TypeResolutionContext$Basic
instanceKlass tools/jackson/databind/introspect/AnnotationMap
instanceKlass tools/jackson/databind/introspect/CollectorBase
instanceKlass tools/jackson/databind/introspect/PotentialCreators
instanceKlass com/fasterxml/jackson/annotation/JsonIdentityInfo
instanceKlass com/fasterxml/jackson/annotation/JsonAutoDetect
instanceKlass tools/jackson/databind/introspect/POJOPropertiesCollector
instanceKlass tools/jackson/core/TokenStreamLocation
instanceKlass tools/jackson/databind/deser/jdk/JDKValueInstantiators
instanceKlass tools/jackson/databind/annotation/JsonValueInstantiator
instanceKlass tools/jackson/databind/util/BeanUtil
instanceKlass tools/jackson/databind/jsontype/impl/SubTypeValidator
instanceKlass tools/jackson/databind/deser/jdk/JDKMiscDeserializers
instanceKlass tools/jackson/databind/ext/sql/JavaSqlTypeHandlerFactory
instanceKlass org/w3c/dom/Document
instanceKlass org/w3c/dom/Node
instanceKlass tools/jackson/databind/ext/OptionalHandlerFactory
instanceKlass tools/jackson/databind/util/ArrayIterator
instanceKlass tools/jackson/databind/introspect/AnnotatedClassResolver
instanceKlass tools/jackson/databind/BeanDescription$SupplierBase
instanceKlass tools/jackson/databind/BeanDescription$Supplier
instanceKlass tools/jackson/core/filter/TokenFilter
instanceKlass org/springframework/http/converter/json/MappingJacksonInputMessage
instanceKlass org/springframework/util/StreamUtils
instanceKlass tools/jackson/databind/util/internal/PrivateMaxEntriesMap$AddTask
instanceKlass tools/jackson/databind/util/internal/PrivateMaxEntriesMap$WeightedValue
instanceKlass tools/jackson/databind/type/ClassStack
instanceKlass org/springframework/http/codec/ServerSentEvent
instanceKlass org/springframework/web/servlet/mvc/method/annotation/AbstractMessageConverterMethodArgumentResolver$EmptyBodyCheckingHttpInputMessage
instanceKlass org/springframework/http/server/ServletRequestHeadersAdapter$RequestHeaderOverrideWrapper
instanceKlass org/springframework/http/server/ServletRequestHeadersAdapter
instanceKlass org/springframework/http/server/ServerHttpAsyncRequestControl
instanceKlass org/springframework/http/server/ServletServerHttpRequest
instanceKlass org/springframework/web/bind/annotation/MatrixVariable
instanceKlass org/springframework/web/bind/annotation/PathVariable
instanceKlass jakarta/servlet/http/Part
instanceKlass org/springframework/web/multipart/MultipartFile
instanceKlass org/springframework/web/multipart/support/MultipartResolutionDelegate
instanceKlass org/springframework/web/bind/annotation/RequestPart
instanceKlass org/springframework/web/bind/annotation/RequestParam
instanceKlass org/springframework/web/servlet/support/RequestContextUtils
instanceKlass org/springframework/web/bind/support/SimpleSessionStatus
instanceKlass org/springframework/web/bind/support/SessionStatus
instanceKlass org/springframework/web/bind/annotation/SessionAttributes
instanceKlass org/springframework/validation/DataBinder$NameResolver
instanceKlass jakarta/servlet/ServletResponseWrapper
instanceKlass io/micrometer/common/ImmutableKeyValue
instanceKlass io/micrometer/common/KeyValue
instanceKlass io/micrometer/observation/docs/ObservationDocumentation
instanceKlass io/micrometer/common/docs/KeyName
instanceKlass org/springframework/http/server/observation/DefaultServerRequestObservationConvention
instanceKlass org/springframework/http/server/observation/ServerRequestObservationConvention
instanceKlass io/micrometer/observation/ObservationConvention
instanceKlass io/micrometer/observation/KeyValuesConvention
instanceKlass org/springframework/web/util/pattern/PathPattern$PathMatchInfo
instanceKlass org/springframework/web/servlet/handler/AbstractHandlerMethodMapping$Match
instanceKlass org/springframework/web/cors/CorsUtils
instanceKlass org/springframework/http/server/DefaultRequestPath
instanceKlass org/apache/catalina/core/ApplicationMapping$1
instanceKlass org/springframework/web/util/ServletRequestPathUtils$ServletRequestPath
instanceKlass org/springframework/web/util/ServletRequestPathUtils
instanceKlass org/springframework/web/util/WebUtils
instanceKlass org/springframework/core/log/LogFormatUtils
instanceKlass org/springframework/web/servlet/FrameworkServlet$RequestBindingInterceptor
instanceKlass org/springframework/web/context/request/async/TimeoutDeferredResultProcessingInterceptor
instanceKlass org/springframework/web/context/request/async/TimeoutCallableProcessingInterceptor
instanceKlass org/springframework/web/context/request/async/AsyncWebRequest
instanceKlass org/springframework/web/context/request/async/WebAsyncUtils
instanceKlass org/springframework/web/servlet/LocaleContextResolver
instanceKlass org/springframework/context/i18n/SimpleLocaleContext
instanceKlass org/springframework/context/i18n/LocaleContextHolder
instanceKlass org/apache/catalina/util/TLSUtil
instanceKlass org/apache/catalina/connector/ResponseFacade
instanceKlass org/apache/catalina/core/ApplicationFilterFactory$1
instanceKlass org/apache/catalina/util/FilterUtil
instanceKlass org/apache/catalina/core/ApplicationFilterChain
instanceKlass org/apache/catalina/core/ApplicationFilterFactory
instanceKlass org/apache/coyote/AbstractProcessor$1
instanceKlass jakarta/security/auth/message/config/AuthConfigProvider
instanceKlass jakarta/security/auth/message/config/AuthConfigFactory
instanceKlass org/apache/catalina/connector/RequestFacade
instanceKlass org/apache/catalina/util/SessionConfig
instanceKlass org/apache/tomcat/util/buf/UEncoder
instanceKlass org/apache/tomcat/util/collections/ConcurrentCache
instanceKlass org/apache/tomcat/util/http/parser/MediaTypeCache
instanceKlass org/apache/catalina/connector/Response
instanceKlass org/apache/tomcat/util/buf/ByteChunk$ByteInputChannel
instanceKlass org/apache/catalina/core/ApplicationMapping
instanceKlass org/apache/catalina/mapper/MappingData
instanceKlass org/apache/catalina/util/ParameterMap
instanceKlass org/apache/catalina/connector/Request$6
instanceKlass org/apache/catalina/connector/Request$5
instanceKlass org/apache/catalina/connector/Request$4
instanceKlass org/apache/catalina/connector/Request$3
instanceKlass org/apache/catalina/connector/Request$2
instanceKlass org/apache/catalina/connector/Request$1
instanceKlass org/apache/catalina/connector/Request$SpecialAttributeAdapter
instanceKlass jakarta/servlet/AsyncContext
instanceKlass org/apache/tomcat/util/http/fileupload/RequestContext
instanceKlass org/apache/tomcat/util/http/fileupload/FileItemFactory
instanceKlass jakarta/servlet/http/HttpServletMapping
instanceKlass org/apache/catalina/connector/Request
instanceKlass org/apache/tomcat/util/http/parser/Host
instanceKlass sun/nio/cs/ThreadLocalCoders$Cache
instanceKlass sun/nio/cs/ThreadLocalCoders
instanceKlass org/apache/tomcat/util/http/parser/TokenList
instanceKlass org/apache/tomcat/util/http/ValuesEnumerator
instanceKlass org/apache/tomcat/util/buf/Ascii
instanceKlass org/apache/coyote/NonPipeliningProcessor
instanceKlass org/apache/tomcat/util/http/Method
instanceKlass org/apache/coyote/http11/filters/GzipOutputFilter
instanceKlass org/apache/coyote/http11/filters/BufferedInputFilter
instanceKlass org/apache/coyote/http11/filters/VoidOutputFilter
instanceKlass org/apache/coyote/http11/filters/VoidInputFilter
instanceKlass org/apache/coyote/http11/filters/ChunkedOutputFilter
instanceKlass org/apache/coyote/http11/filters/ChunkedInputFilter
instanceKlass org/apache/coyote/http11/filters/IdentityOutputFilter
instanceKlass org/apache/coyote/http11/filters/IdentityInputFilter
instanceKlass org/apache/coyote/http11/Http11OutputBuffer$SocketOutputBuffer
instanceKlass org/apache/coyote/http11/Http11OutputBuffer
instanceKlass org/apache/coyote/http11/Http11InputBuffer$SocketInputBuffer
instanceKlass org/apache/tomcat/util/http/parser/HttpHeaderParser$HeaderParseData
instanceKlass org/apache/tomcat/util/http/parser/HttpHeaderParser
instanceKlass org/apache/coyote/http11/Http11InputBuffer
instanceKlass org/apache/tomcat/util/http/parser/HttpHeaderParser$HeaderDataSource
instanceKlass org/apache/tomcat/util/log/UserDataHelper
instanceKlass org/apache/coyote/AsyncStateMachine
instanceKlass org/apache/tomcat/util/buf/CharsetHolder
instanceKlass org/apache/coyote/RequestInfo
instanceKlass org/apache/tomcat/util/http/Parameters
instanceKlass org/apache/tomcat/util/http/ServerCookie
instanceKlass org/apache/tomcat/util/http/ServerCookies
instanceKlass org/apache/tomcat/util/http/MimeHeaderField
instanceKlass org/apache/tomcat/util/http/MimeHeaders
instanceKlass org/apache/tomcat/util/buf/MessageBytes$MessageBytesFactory
instanceKlass org/apache/tomcat/util/buf/MessageBytes
instanceKlass org/apache/tomcat/util/net/ApplicationBufferHandler
instanceKlass jakarta/servlet/http/HttpUpgradeHandler
instanceKlass org/apache/coyote/http11/OutputFilter
instanceKlass org/apache/coyote/http11/HttpOutputBuffer
instanceKlass org/apache/coyote/http11/InputFilter
instanceKlass org/apache/coyote/OutputBuffer
instanceKlass org/apache/coyote/InputBuffer
instanceKlass org/apache/coyote/AbstractProcessorLight
instanceKlass org/apache/coyote/ActionHook
instanceKlass java/lang/invoke/ConstantBootstraps
instanceKlass java/nio/channels/SelectionKey
instanceKlass org/apache/tomcat/util/net/NioEndpoint$PollerEvent
instanceKlass sun/nio/ch/SocketChannelImpl$DefaultOptionsHolder
instanceKlass java/util/concurrent/Semaphore
instanceKlass java/util/concurrent/BlockingDeque
instanceKlass org/apache/tomcat/util/net/WriteBuffer
instanceKlass org/apache/tomcat/util/net/SocketWrapperBase$CompletionCheck
instanceKlass org/apache/tomcat/util/net/SendfileDataBase
instanceKlass org/apache/tomcat/util/net/SocketWrapperBase$OperationState
instanceKlass jakarta/servlet/ServletConnection
instanceKlass org/apache/tomcat/util/net/SocketBufferHandler
instanceKlass org/apache/tomcat/PeriodicEventListener
instanceKlass javax/management/remote/rmi/RMIConnectionImpl$SetCcl
instanceKlass javax/management/remote/rmi/RMIConnectionImpl$7
instanceKlass javax/management/remote/rmi/RMIConnectionImpl$6
instanceKlass sun/reflect/misc/Trampoline
instanceKlass sun/reflect/misc/MethodUtil$1
instanceKlass java/util/IdentityHashMap$IdentityHashMapSpliterator
instanceKlass org/springframework/boot/SpringApplication$FactoryAwareOrderSourceProvider
instanceKlass org/springframework/boot/Runner
instanceKlass jdk/internal/math/FDBigInteger
instanceKlass java/util/TreeMap$TreeMapSpliterator
instanceKlass org/apache/tomcat/util/net/Acceptor
instanceKlass java/nio/channels/spi/AbstractSelector$1
instanceKlass java/nio/BufferMismatch
instanceKlass java/nio/channels/spi/AbstractInterruptibleChannel$1
instanceKlass sun/nio/ch/Interruptible
instanceKlass sun/nio/ch/UnixDomainSocketsUtil
instanceKlass sun/nio/ch/UnixDomainSockets
instanceKlass sun/nio/ch/PipeImpl$Initializer$LoopbackConnector
instanceKlass sun/nio/ch/PipeImpl$Initializer
instanceKlass java/nio/channels/Pipe
instanceKlass sun/nio/ch/WEPoll
instanceKlass sun/nio/ch/Util$2
instanceKlass java/nio/channels/Selector
instanceKlass org/apache/tomcat/util/collections/SynchronizedQueue
instanceKlass org/apache/tomcat/util/net/NioEndpoint$Poller
instanceKlass org/apache/tomcat/util/threads/ThreadPoolExecutor$RejectPolicy
instanceKlass org/apache/tomcat/util/threads/ThreadPoolExecutor$RejectedExecutionHandler
instanceKlass org/apache/tomcat/util/threads/RetryableQueue
instanceKlass sun/nio/ch/SelChImpl
instanceKlass sun/nio/ch/DefaultSelectorProvider
instanceKlass java/nio/channels/spi/SelectorProvider$Holder
instanceKlass java/nio/channels/spi/SelectorProvider
instanceKlass org/springframework/util/ConcurrentReferenceHashMap$EntryIterator
instanceKlass org/springframework/util/ConcurrentReferenceHashMap$KeyIterator
instanceKlass org/springframework/aop/aspectj/ShadowMatchUtils
instanceKlass com/sun/jmx/mbeanserver/DefaultMXBeanMappingFactory$CompositeBuilderViaConstructor$Constr
instanceKlass javax/management/ConstructorParameters
instanceKlass com/sun/jmx/mbeanserver/DefaultMXBeanMappingFactory$CompositeBuilder
instanceKlass org/springframework/jmx/support/ObjectNameManager
instanceKlass org/springframework/jmx/export/naming/SelfNaming
instanceKlass org/springframework/jmx/export/annotation/ManagedResource
instanceKlass jakarta/servlet/descriptor/JspConfigDescriptor
instanceKlass org/springframework/context/event/EventListener
instanceKlass org/springframework/aop/scope/ScopedObject
instanceKlass org/springframework/aop/RawTargetAccess
instanceKlass org/springframework/transaction/reactive/TransactionalOperator
instanceKlass org/springframework/transaction/support/TransactionCallback
instanceKlass org/springframework/web/multipart/MultipartHttpServletRequest
instanceKlass org/springframework/web/multipart/MultipartRequest
instanceKlass org/springframework/jdbc/core/simple/JdbcClient$StatementSpec
instanceKlass org/springframework/jdbc/core/simple/DefaultJdbcClient
instanceKlass org/springframework/jdbc/core/PreparedStatementCreatorFactory
instanceKlass org/springframework/jdbc/core/namedparam/ParsedSql
instanceKlass org/springframework/jdbc/core/namedparam/NamedParameterUtils
instanceKlass org/springframework/jdbc/core/namedparam/SqlParameterSource
instanceKlass org/springframework/jdbc/support/rowset/SqlRowSet
instanceKlass org/springframework/jdbc/core/ParameterizedPreparedStatementSetter
instanceKlass org/springframework/jdbc/core/RowCallbackHandler
instanceKlass org/springframework/jdbc/core/CallableStatementCallback
instanceKlass org/springframework/jdbc/core/PreparedStatementCallback
instanceKlass org/springframework/jdbc/core/ConnectionCallback
instanceKlass org/springframework/jdbc/support/KeyHolder
instanceKlass org/springframework/jdbc/core/BatchPreparedStatementSetter
instanceKlass org/springframework/jdbc/core/PreparedStatementSetter
instanceKlass org/springframework/jdbc/core/SqlParameter
instanceKlass org/springframework/jdbc/core/RowMapper
instanceKlass org/springframework/jdbc/core/ResultSetExtractor
instanceKlass org/springframework/jdbc/core/CallableStatementCreator
instanceKlass org/springframework/jdbc/core/PreparedStatementCreator
instanceKlass org/springframework/jdbc/core/StatementCallback
instanceKlass org/springframework/boot/http/converter/autoconfigure/DefaultClientHttpMessageConvertersCustomizer
instanceKlass sun/reflect/annotation/AnnotationInvocationHandler$1
instanceKlass org/springframework/aot/hint/AbstractTypeReference
instanceKlass org/springframework/aot/hint/TypeReference
instanceKlass org/springframework/beans/factory/aot/BeanRegistrationCode
instanceKlass org/springframework/data/util/TypeCollector
instanceKlass org/springframework/data/repository/core/support/RepositoryFragment
instanceKlass org/springframework/aot/hint/TypeHint$Builder
instanceKlass org/springframework/data/repository/core/RepositoryInformation
instanceKlass org/springframework/data/repository/core/RepositoryMetadata
instanceKlass org/springframework/data/jpa/repository/support/JpaEvaluationContextExtension$JpaRootObject
instanceKlass org/springframework/data/jpa/repository/query/EscapeCharacter
instanceKlass sun/reflect/generics/reflectiveObjects/GenericArrayTypeImpl
instanceKlass org/springframework/transaction/support/AbstractPlatformTransactionManager$SuspendedResourcesHolder
instanceKlass org/springframework/jdbc/datasource/JdbcTransactionObjectSupport
instanceKlass org/springframework/transaction/support/SmartTransactionObject
instanceKlass org/springframework/transaction/support/AbstractTransactionStatus
instanceKlass org/springframework/transaction/TransactionExecutionListener
instanceKlass org/springframework/data/domain/OffsetScrollPosition
instanceKlass org/springframework/data/domain/ScrollPosition
instanceKlass org/springframework/boot/task/SimpleAsyncTaskSchedulerCustomizer
instanceKlass org/springframework/boot/autoconfigure/task/TaskSchedulingConfigurations
instanceKlass org/springframework/boot/task/ThreadPoolTaskSchedulerCustomizer
instanceKlass org/springframework/boot/info/InfoProperties
instanceKlass org/springframework/context/support/DefaultLifecycleProcessor$LifecycleGroup
instanceKlass org/springframework/boot/admin/SpringApplicationAdminMXBeanRegistrar$SpringApplicationAdmin
instanceKlass org/springframework/boot/admin/SpringApplicationAdminMXBean
instanceKlass org/springframework/jmx/export/MBeanExporter$AutodetectCallback
instanceKlass org/springframework/jmx/support/NotificationListenerHolder
instanceKlass org/springframework/jmx/export/MBeanExporterListener
instanceKlass javax/management/Attribute
instanceKlass org/springframework/jmx/support/JmxUtils
instanceKlass org/springframework/jmx/support/MBeanServerFactoryBean
instanceKlass org/springframework/jmx/export/assembler/AutodetectCapableMBeanInfoAssembler
instanceKlass org/springframework/jmx/export/naming/KeyNamingStrategy
instanceKlass javax/management/modelmbean/ModelMBeanInfo
instanceKlass org/springframework/jmx/export/assembler/AbstractMBeanInfoAssembler
instanceKlass javax/management/modelmbean/RequiredModelMBean
instanceKlass javax/management/modelmbean/ModelMBean
instanceKlass javax/management/PersistentMBean
instanceKlass org/springframework/jmx/export/notification/NotificationPublisher
instanceKlass org/springframework/jmx/export/assembler/MBeanInfoAssembler
instanceKlass org/springframework/jmx/export/annotation/AnnotationJmxAttributeSource
instanceKlass org/springframework/web/servlet/handler/HandlerExceptionResolverComposite
instanceKlass org/springframework/web/method/annotation/ExceptionHandlerMappingInfo
instanceKlass org/springframework/web/method/annotation/ExceptionHandlerMethodResolver
instanceKlass org/springframework/web/util/DisconnectedClientHelper
instanceKlass org/springframework/web/util/UriComponentsBuilder
instanceKlass org/springframework/web/util/UriBuilder
instanceKlass org/springframework/web/servlet/function/ServerResponse
instanceKlass org/springframework/web/servlet/function/ServerResponse$Context
instanceKlass org/springframework/web/method/annotation/HandlerMethodValidator$WebObjectNameResolver
instanceKlass org/springframework/web/method/annotation/HandlerMethodValidator
instanceKlass org/springframework/web/servlet/mvc/method/annotation/ViewNameMethodReturnValueHandler
instanceKlass org/springframework/web/servlet/mvc/method/annotation/AsyncTaskMethodReturnValueHandler
instanceKlass org/springframework/web/servlet/mvc/method/annotation/DeferredResultMethodReturnValueHandler
instanceKlass org/springframework/web/servlet/mvc/method/annotation/CallableMethodReturnValueHandler
instanceKlass org/springframework/web/servlet/mvc/method/annotation/HttpHeadersReturnValueHandler
instanceKlass org/springframework/web/servlet/mvc/method/annotation/ResponseEntityReturnValueHandler
instanceKlass org/springframework/web/servlet/mvc/method/annotation/StreamingResponseBodyReturnValueHandler
instanceKlass org/springframework/web/servlet/mvc/method/annotation/ViewMethodReturnValueHandler
instanceKlass org/springframework/web/servlet/mvc/method/annotation/ModelAndViewMethodReturnValueHandler
instanceKlass org/springframework/web/servlet/mvc/method/annotation/ResponseBodyEmitter
instanceKlass org/springframework/web/servlet/mvc/method/annotation/ReactiveTypeHandler
instanceKlass org/springframework/core/NestedExceptionUtils
instanceKlass org/springframework/web/servlet/view/ContentNegotiatingViewResolver$1
instanceKlass org/springframework/web/servlet/view/AbstractCachingViewResolver$CacheFilter
instanceKlass org/springframework/web/servlet/view/AbstractCachingViewResolver$1
instanceKlass org/springframework/web/servlet/SmartView
instanceKlass org/springframework/web/servlet/view/ViewResolverComposite
instanceKlass org/springframework/web/servlet/config/annotation/UrlBasedViewResolverRegistration
instanceKlass org/springframework/web/servlet/mvc/method/annotation/ResponseBodyEmitter$Handler
instanceKlass org/springframework/web/servlet/mvc/method/annotation/ResponseBodyEmitterReturnValueHandler
instanceKlass org/springframework/web/servlet/mvc/method/annotation/PrincipalMethodArgumentResolver
instanceKlass org/springframework/web/servlet/mvc/method/annotation/ApiVersionMethodArgumentResolver
instanceKlass org/springframework/web/servlet/mvc/method/annotation/UriComponentsBuilderMethodArgumentResolver
instanceKlass org/springframework/web/method/annotation/SessionStatusMethodArgumentResolver
instanceKlass org/springframework/web/method/annotation/ErrorsMethodArgumentResolver
instanceKlass org/springframework/web/method/annotation/MapMethodProcessor
instanceKlass org/springframework/web/method/annotation/ModelMethodProcessor
instanceKlass org/springframework/web/servlet/mvc/support/RedirectAttributes
instanceKlass org/springframework/ui/Model
instanceKlass org/springframework/web/servlet/mvc/method/annotation/RedirectAttributesMethodArgumentResolver
instanceKlass org/springframework/web/servlet/mvc/method/annotation/ServletResponseMethodArgumentResolver
instanceKlass org/springframework/web/servlet/mvc/method/annotation/ServletRequestMethodArgumentResolver
instanceKlass org/springframework/web/method/annotation/RequestHeaderMapMethodArgumentResolver
instanceKlass org/springframework/web/servlet/mvc/method/annotation/RequestResponseBodyAdviceChain
instanceKlass org/springframework/core/io/support/ResourceRegion
instanceKlass org/springframework/core/ParameterizedTypeReference
instanceKlass org/springframework/web/servlet/mvc/method/annotation/AbstractMessageConverterMethodArgumentResolver
instanceKlass org/springframework/validation/DataBinder
instanceKlass org/springframework/web/servlet/mvc/method/annotation/MatrixVariableMapMethodArgumentResolver
instanceKlass org/springframework/web/servlet/mvc/method/annotation/PathVariableMapMethodArgumentResolver
instanceKlass org/springframework/web/method/annotation/RequestParamMapMethodArgumentResolver
instanceKlass org/springframework/web/method/annotation/AbstractNamedValueMethodArgumentResolver$NamedValueInfo
instanceKlass org/springframework/web/method/annotation/AbstractNamedValueMethodArgumentResolver
instanceKlass org/springframework/web/bind/annotation/InitBinder
instanceKlass org/springframework/web/bind/annotation/ModelAttribute
instanceKlass org/springframework/web/method/HandlerTypePredicate$Builder
instanceKlass org/springframework/web/method/HandlerTypePredicate
instanceKlass org/springframework/web/method/ControllerAdviceBean
instanceKlass org/springframework/web/method/annotation/ModelFactory
instanceKlass org/springframework/web/method/annotation/SessionAttributesHandler
instanceKlass org/springframework/web/method/support/HandlerMethodReturnValueHandlerComposite
instanceKlass org/springframework/web/method/support/HandlerMethodArgumentResolverComposite
instanceKlass org/springframework/web/servlet/mvc/method/annotation/AbstractMappingJacksonResponseBodyAdvice
instanceKlass org/springframework/web/servlet/mvc/method/annotation/ResponseBodyAdvice
instanceKlass org/springframework/web/servlet/mvc/method/annotation/RequestBodyAdviceAdapter
instanceKlass org/springframework/web/servlet/mvc/method/annotation/RequestBodyAdvice
instanceKlass org/springframework/data/domain/AbstractPageRequest
instanceKlass org/springframework/web/method/support/ModelAndViewContainer
instanceKlass org/springframework/data/domain/Sort$Order
instanceKlass org/springframework/data/domain/Sort
instanceKlass org/springframework/web/bind/support/DefaultSessionAttributeStore
instanceKlass org/springframework/core/ReactiveAdapter
instanceKlass org/springframework/web/context/request/async/DeferredResultProcessingInterceptor
instanceKlass org/springframework/util/ConcurrencyThrottleSupport
instanceKlass org/springframework/web/bind/support/DefaultDataBinderFactory
instanceKlass org/springframework/web/bind/support/WebDataBinderFactory
instanceKlass org/springframework/web/bind/support/SessionAttributeStore
instanceKlass org/springframework/web/servlet/resource/DefaultResourceTransformerChain
instanceKlass org/springframework/web/servlet/resource/DefaultResourceResolverChain
instanceKlass org/springframework/web/servlet/resource/AbstractResourceResolver
instanceKlass org/springframework/web/servlet/resource/ResourceResolver
instanceKlass org/springframework/web/servlet/resource/ResourceHandlerUtils
instanceKlass org/springframework/web/servlet/resource/ResourceTransformerChain
instanceKlass org/springframework/web/HttpRequestHandler
instanceKlass org/springframework/http/CacheControl
instanceKlass org/springframework/web/servlet/function/HandlerFunction
instanceKlass org/springframework/web/servlet/function/ServerRequest
instanceKlass org/springframework/web/servlet/function/RouterFunction
instanceKlass org/springframework/web/servlet/function/RouterFunctions$Visitor
instanceKlass org/springframework/web/servlet/handler/AbstractHandlerMethodMapping$MappingRegistration
instanceKlass org/springframework/web/bind/annotation/RequestBody
instanceKlass org/springframework/web/method/HandlerMethod$MethodValidationInitializer
instanceKlass org/springframework/web/util/pattern/PathPattern$MatchingContext
instanceKlass org/springframework/util/UnmodifiableMultiValueMap
instanceKlass org/springframework/http/server/DefaultPathContainer$DefaultPathSegment
instanceKlass org/springframework/web/servlet/mvc/method/RequestMappingInfo$DefaultBuilder
instanceKlass org/springframework/util/ConcurrentLruCache$AddTask
instanceKlass org/springframework/util/MimeTypeUtils
instanceKlass org/springframework/web/servlet/mvc/condition/AbstractMediaTypeExpression
instanceKlass org/springframework/web/servlet/mvc/condition/MediaTypeExpression
instanceKlass java/util/Comparators$NullComparator
instanceKlass org/springframework/http/server/DefaultPathContainer$DefaultSeparator
instanceKlass org/springframework/http/server/PathContainer$Separator
instanceKlass org/springframework/http/server/PathContainer$PathSegment
instanceKlass org/springframework/http/server/PathContainer$Element
instanceKlass org/springframework/http/server/DefaultPathContainer
instanceKlass org/springframework/web/util/pattern/PathElement
instanceKlass org/springframework/web/util/pattern/InternalPathPatternParser
instanceKlass org/springframework/web/servlet/mvc/method/RequestMappingInfo$Builder
instanceKlass org/springframework/core/annotation/MergedAnnotationPredicates$FirstRunOfPredicate
instanceKlass org/springframework/core/MethodIntrospector
instanceKlass org/springframework/core/MethodIntrospector$MetadataLookup
instanceKlass org/springframework/web/servlet/mvc/condition/AbstractRequestCondition
instanceKlass org/springframework/web/util/pattern/PathPattern
instanceKlass org/springframework/web/bind/annotation/CrossOrigin
instanceKlass org/springframework/web/service/annotation/HttpExchange
instanceKlass org/springframework/web/servlet/mvc/method/RequestMappingInfo
instanceKlass org/springframework/web/servlet/mvc/condition/RequestCondition
instanceKlass org/springframework/web/servlet/mvc/method/annotation/RequestMappingHandlerMapping$AnnotationDescriptor
instanceKlass org/springframework/web/servlet/mvc/method/RequestMappingInfo$BuilderConfiguration
instanceKlass org/springframework/web/servlet/mvc/method/RequestMappingInfoHandlerMethodMappingNamingStrategy
instanceKlass org/springframework/web/servlet/handler/AbstractHandlerMethodMapping$MappingRegistry
instanceKlass org/springframework/http/HttpHeaders
instanceKlass org/springframework/web/servlet/mvc/method/RequestMappingInfoHandlerMapping$HttpOptionsHandler
instanceKlass org/springframework/web/cors/CorsConfiguration$OriginPattern
instanceKlass org/springframework/web/bind/annotation/ResponseStatus
instanceKlass org/springframework/web/servlet/handler/AbstractHandlerMethodMapping$EmptyHandler
instanceKlass org/springframework/core/annotation/AnnotatedMethod
instanceKlass org/springframework/web/servlet/handler/HandlerMethodMappingNamingStrategy
instanceKlass sun/reflect/annotation/TypeAnnotation$TypeAnnotationTargetInfo
instanceKlass org/springframework/web/context/request/NativeWebRequest
instanceKlass org/springframework/web/accept/MappingMediaTypeFileExtensionResolver
instanceKlass org/springframework/web/accept/HeaderContentNegotiationStrategy
instanceKlass org/springframework/http/converter/GenericHttpMessageConverter
instanceKlass org/springframework/boot/http/converter/autoconfigure/DefaultServerHttpMessageConvertersCustomizer
instanceKlass org/springframework/boot/http/converter/autoconfigure/HttpMessageConverters
instanceKlass tools/jackson/databind/jsonFormatVisitors/JsonFormatVisitorWrapper
instanceKlass tools/jackson/databind/jsonFormatVisitors/WithSettableSerializationContext
instanceKlass tools/jackson/databind/jsonFormatVisitors/WithGettableSerializationContext
instanceKlass tools/jackson/databind/MappingIterator
instanceKlass tools/jackson/core/type/TypeReference
instanceKlass tools/jackson/databind/ObjectWriter
instanceKlass tools/jackson/databind/ObjectReader
instanceKlass tools/jackson/databind/EnumNamingStrategy
instanceKlass tools/jackson/databind/type/TypeModifier
instanceKlass tools/jackson/databind/deser/DeserializationProblemHandler
instanceKlass tools/jackson/databind/util/LinkedNode
instanceKlass tools/jackson/databind/InjectableValues
instanceKlass tools/jackson/databind/cfg/ConstructorDetector
instanceKlass org/springframework/boot/jackson/autoconfigure/JacksonAutoConfiguration$1
instanceKlass java/util/EnumMap$EnumMapIterator
instanceKlass org/springframework/boot/jackson/JacksonComponent
instanceKlass org/springframework/boot/jackson/JacksonMixin
instanceKlass org/springframework/boot/jackson/JacksonMixinModuleEntries$Builder
instanceKlass org/springframework/data/domain/Unpaged
instanceKlass tools/jackson/databind/jsontype/NamedType
instanceKlass tools/jackson/databind/deser/ValueInstantiator
instanceKlass tools/jackson/databind/PropertyNamingStrategy
instanceKlass org/springframework/data/geo/GeoJacksonModule$PolygonMixin
instanceKlass org/springframework/data/geo/Polygon
instanceKlass org/springframework/data/geo/GeoJacksonModule$CircleMixin
instanceKlass org/springframework/data/geo/Circle
instanceKlass org/springframework/data/geo/GeoJacksonModule$BoxMixin
instanceKlass org/springframework/data/geo/Box
instanceKlass org/springframework/data/geo/Shape
instanceKlass org/springframework/data/geo/GeoJacksonModule$PointMixin
instanceKlass org/springframework/data/geo/GeoJacksonModule$DistanceMixin
instanceKlass org/springframework/core/SerializableTypeWrapper$FieldTypeProvider
instanceKlass tools/jackson/databind/cfg/HandlerInstantiator
instanceKlass tools/jackson/core/util/BufferRecycler
instanceKlass tools/jackson/core/io/OutputDecorator
instanceKlass tools/jackson/core/io/InputDecorator
instanceKlass tools/jackson/core/io/ContentReference
instanceKlass tools/jackson/core/io/IOContext
instanceKlass tools/jackson/core/FormatSchema
instanceKlass tools/jackson/core/Version
instanceKlass tools/jackson/core/io/CharacterEscapes
instanceKlass tools/jackson/core/StreamWriteConstraints$Builder
instanceKlass tools/jackson/core/StreamReadConstraints$Builder
instanceKlass com/fasterxml/jackson/annotation/JsonInclude
instanceKlass org/springframework/boot/jackson/autoconfigure/JacksonProperties$Factory$Constraints$Write
instanceKlass org/springframework/boot/jackson/autoconfigure/JacksonProperties$Factory$Constraints$Read
instanceKlass org/springframework/boot/jackson/autoconfigure/JacksonProperties$Factory$Constraints
instanceKlass org/springframework/web/accept/ContentNegotiationManagerFactoryBean
instanceKlass org/springframework/boot/validation/autoconfigure/ValidatorAdapter
instanceKlass org/springframework/web/servlet/view/DefaultRequestToViewNameTranslator
instanceKlass org/springframework/web/servlet/support/AbstractFlashMapManager
instanceKlass org/springframework/web/servlet/i18n/AbstractLocaleResolver
instanceKlass org/springframework/web/accept/ApiVersionHolder
instanceKlass org/springframework/web/servlet/handler/MappedInterceptor
instanceKlass org/springframework/web/cors/CorsConfiguration
instanceKlass org/springframework/http/server/RequestPath
instanceKlass io/micrometer/observation/Observation$Context
instanceKlass io/micrometer/observation/Observation$ContextView
instanceKlass io/micrometer/observation/transport/ResponseContext
instanceKlass org/springframework/web/servlet/handler/RequestMatchResult
instanceKlass org/springframework/web/servlet/resource/ResourceUrlProviderExposingInterceptor
instanceKlass org/springframework/web/servlet/config/annotation/InterceptorRegistration
instanceKlass org/springframework/web/servlet/handler/ConversionServiceExposingInterceptor
instanceKlass org/springframework/boot/webmvc/autoconfigure/WelcomePage
instanceKlass org/springframework/http/server/ServerHttpRequest
instanceKlass org/springframework/http/HttpRequest
instanceKlass org/springframework/http/server/ServerHttpResponse
instanceKlass org/springframework/web/cors/DefaultCorsProcessor
instanceKlass org/springframework/http/server/PathContainer$Options
instanceKlass org/springframework/http/server/PathContainer
instanceKlass org/springframework/web/cors/CorsProcessor
instanceKlass org/springframework/web/servlet/resource/ResourceResolverChain
instanceKlass org/springframework/util/ConcurrentLruCache$WriteOperations
instanceKlass org/springframework/util/ConcurrentLruCache$ReadOperations
instanceKlass org/springframework/util/ConcurrentLruCache$EvictionQueue
instanceKlass org/springframework/util/ConcurrentLruCache
instanceKlass org/springframework/data/repository/support/Repositories
instanceKlass org/springframework/data/repository/support/DomainClassConverter
instanceKlass org/springframework/data/geo/Point
instanceKlass org/springframework/data/geo/Distance
instanceKlass org/springframework/data/geo/Metric
instanceKlass org/springframework/boot/autoconfigure/web/format/DateTimeFormatters
instanceKlass org/springframework/web/accept/ApiVersionDeprecationHandler
instanceKlass org/springframework/web/accept/ApiVersionParser
instanceKlass org/springframework/web/servlet/config/annotation/WebMvcConfigurerComposite
instanceKlass org/springframework/boot/webmvc/autoconfigure/WebMvcAutoConfiguration$ResourceHandlerRegistrationCustomizer
instanceKlass org/springframework/boot/webmvc/autoconfigure/WebMvcRegistrations
instanceKlass org/springframework/boot/web/error/ErrorAttributeOptions
instanceKlass org/springframework/context/support/MessageSourceAccessor
instanceKlass org/springframework/util/LinkedCaseInsensitiveMap
instanceKlass org/springframework/boot/webmvc/autoconfigure/error/ErrorMvcAutoConfiguration$StaticView
instanceKlass org/springframework/validation/beanvalidation/SpringConstraintValidatorFactory
instanceKlass org/springframework/validation/beanvalidation/LocaleContextMessageInterpolator
instanceKlass jakarta/validation/metadata/BeanDescriptor
instanceKlass jakarta/validation/metadata/ElementDescriptor
instanceKlass org/springframework/boot/validation/MessageSourceMessageInterpolator
instanceKlass org/springframework/boot/validation/MessageInterpolatorFactory
instanceKlass org/springframework/context/support/DefaultMessageSourceResolvable
instanceKlass org/springframework/aop/interceptor/AsyncUncaughtExceptionHandler
instanceKlass org/springframework/boot/task/SimpleAsyncTaskExecutorCustomizer
instanceKlass java/lang/invoke/MethodHandleImpl$CountingWrapper$1
instanceKlass org/aspectj/util/PartialOrder
instanceKlass org/springframework/aop/aspectj/autoproxy/AspectJAwareAdvisorAutoProxyCreator$PartiallyComparableAdvisorHolder
instanceKlass org/springframework/aop/support/AbstractExpressionPointcut
instanceKlass org/springframework/aop/support/ExpressionPointcut
instanceKlass org/springframework/aop/aspectj/InstantiationModelAwarePointcutAdvisor
instanceKlass sun/reflect/ReflectionFactory$1
instanceKlass sun/reflect/ReflectionFactory
instanceKlass org/springframework/objenesis/instantiator/sun/SunReflectionFactoryHelper
instanceKlass org/springframework/objenesis/instantiator/sun/SunReflectionFactoryInstantiator
instanceKlass org/springframework/objenesis/strategy/PlatformDescription
instanceKlass org/springframework/cglib/proxy/Enhancer$EnhancerFactoryData
instanceKlass org/springframework/cglib/proxy/MethodProxy$CreateInfo
instanceKlass org/springframework/cglib/proxy/MethodProxy
instanceKlass org/springframework/cglib/core/ClassNameReader
instanceKlass org/springframework/cglib/proxy/Enhancer$2
instanceKlass org/springframework/cglib/proxy/Enhancer$1
instanceKlass org/springframework/cglib/core/EmitUtils$7
instanceKlass org/springframework/cglib/core/EmitUtils$ParameterTyper
instanceKlass org/springframework/cglib/proxy/Enhancer$3
instanceKlass org/springframework/cglib/core/Local
instanceKlass org/springframework/cglib/core/EmitUtils$3
instanceKlass java/util/DualPivotQuicksort
instanceKlass org/springframework/cglib/proxy/MethodInterceptorGenerator$1
instanceKlass org/springframework/asm/Handler
instanceKlass org/springframework/asm/Edge
instanceKlass org/springframework/cglib/core/Block
instanceKlass org/springframework/cglib/core/EmitUtils$ArrayDelimiters
instanceKlass org/springframework/cglib/core/ProcessArrayCallback
instanceKlass org/springframework/cglib/core/EmitUtils
instanceKlass org/springframework/cglib/proxy/Enhancer$4
instanceKlass org/springframework/cglib/core/LocalVariablesSorter$State
instanceKlass org/springframework/asm/Label
instanceKlass org/springframework/asm/Frame
instanceKlass org/springframework/cglib/proxy/BridgeMethodResolver
instanceKlass org/springframework/aop/ThrowsAdvice
instanceKlass org/springframework/aop/framework/AdvisedSupport$MethodCacheKey
instanceKlass org/springframework/cglib/core/ClassEmitter$FieldInfo
instanceKlass org/springframework/cglib/core/MethodInfoTransformer
instanceKlass org/springframework/cglib/core/DuplicatesPredicate
instanceKlass org/springframework/cglib/core/RejectModifierPredicate
instanceKlass org/springframework/cglib/core/MethodWrapper
instanceKlass org/springframework/cglib/proxy/Factory
instanceKlass org/springframework/cglib/core/VisibilityPredicate
instanceKlass org/springframework/cglib/transform/TransformingClassGenerator
instanceKlass org/springframework/asm/Symbol
instanceKlass org/springframework/asm/SymbolTable
instanceKlass org/springframework/asm/RecordComponentVisitor
instanceKlass org/springframework/asm/ModuleVisitor
instanceKlass org/springframework/asm/FieldVisitor
instanceKlass org/springframework/cglib/core/internal/LoadingCache
instanceKlass org/springframework/cglib/core/internal/Function
instanceKlass org/springframework/cglib/core/AbstractClassGenerator$ClassLoaderData
instanceKlass org/springframework/cglib/core/ClassInfo
instanceKlass org/springframework/cglib/core/MethodInfo
instanceKlass org/springframework/cglib/core/ReflectUtils
instanceKlass org/springframework/cglib/proxy/ProxyRefDispatcher
instanceKlass org/springframework/cglib/proxy/FixedValueGenerator
instanceKlass org/springframework/cglib/proxy/FixedValue
instanceKlass org/springframework/cglib/proxy/DispatcherGenerator
instanceKlass org/springframework/cglib/proxy/LazyLoaderGenerator
instanceKlass org/springframework/cglib/proxy/LazyLoader
instanceKlass org/springframework/cglib/proxy/InvocationHandlerGenerator
instanceKlass org/springframework/cglib/proxy/InvocationHandler
instanceKlass org/springframework/cglib/proxy/MethodInterceptorGenerator
instanceKlass org/springframework/cglib/proxy/NoOpGenerator
instanceKlass org/springframework/cglib/proxy/CallbackGenerator
instanceKlass org/springframework/cglib/proxy/CallbackInfo
instanceKlass org/springframework/aop/framework/AdvisedSupport$AdvisorKeyEntry
instanceKlass org/springframework/aop/framework/CglibAopProxy$ProxyCallbackFilter
instanceKlass org/springframework/aop/framework/CglibAopProxy$HashCodeInterceptor
instanceKlass org/springframework/aop/framework/CglibAopProxy$EqualsInterceptor
instanceKlass org/springframework/aop/framework/CglibAopProxy$SerializableNoOp
instanceKlass org/springframework/cglib/proxy/NoOp
instanceKlass org/springframework/aop/framework/CglibAopProxy$StaticDispatcher
instanceKlass org/springframework/aop/framework/CglibAopProxy$StaticUnadvisedInterceptor
instanceKlass org/springframework/aop/framework/CglibAopProxy$DynamicAdvisedInterceptor
instanceKlass org/springframework/cglib/core/SpringNamingPolicy
instanceKlass org/springframework/cglib/core/DefaultNamingPolicy
instanceKlass org/springframework/cglib/core/AsmApi
instanceKlass org/springframework/cglib/core/Constants
instanceKlass org/springframework/cglib/core/Signature
instanceKlass org/springframework/cglib/core/CollectionUtils
instanceKlass org/springframework/cglib/core/TypeUtils
instanceKlass org/springframework/cglib/core/AbstractClassGenerator$Source
instanceKlass org/springframework/cglib/proxy/CallbackGenerator$Context
instanceKlass org/springframework/cglib/core/ProcessSwitchCallback
instanceKlass org/springframework/cglib/core/Transformer
instanceKlass org/springframework/cglib/core/ObjectSwitchCallback
instanceKlass org/springframework/cglib/core/Predicate
instanceKlass org/springframework/cglib/core/AbstractClassGenerator
instanceKlass org/springframework/aop/framework/CglibAopProxy$AdvisedDispatcher
instanceKlass org/springframework/cglib/proxy/Dispatcher
instanceKlass org/springframework/objenesis/instantiator/ObjectInstantiator
instanceKlass org/springframework/objenesis/strategy/BaseInstantiatorStrategy
instanceKlass org/springframework/objenesis/strategy/InstantiatorStrategy
instanceKlass org/springframework/objenesis/SpringObjenesis
instanceKlass org/springframework/objenesis/Objenesis
instanceKlass org/springframework/cglib/transform/MethodFilter
instanceKlass org/springframework/cglib/core/ClassGenerator
instanceKlass org/springframework/cglib/core/DefaultGeneratorStrategy
instanceKlass org/springframework/cglib/proxy/MethodInterceptor
instanceKlass org/springframework/cglib/proxy/Callback
instanceKlass org/springframework/cglib/proxy/CallbackFilter
instanceKlass org/springframework/cglib/core/NamingPolicy
instanceKlass org/springframework/cglib/core/GeneratorStrategy
instanceKlass org/springframework/aop/framework/CglibAopProxy
instanceKlass org/springframework/aop/target/SingletonTargetSource
instanceKlass org/springframework/aop/framework/AopProxy
instanceKlass org/springframework/aop/framework/DefaultAopProxyFactory
instanceKlass org/springframework/aop/framework/DefaultAdvisorChainFactory
instanceKlass org/springframework/aop/target/EmptyTargetSource
instanceKlass org/springframework/aop/framework/AopProxyFactory
instanceKlass org/springframework/aop/framework/AdvisorChainFactory
instanceKlass org/springframework/beans/factory/config/NamedBeanHolder
instanceKlass org/springframework/beans/factory/NamedBean
instanceKlass jakarta/persistence/PersistenceContexts
instanceKlass jakarta/persistence/PersistenceProperty
instanceKlass pe/gob/sat/servicio/requerimiento/dto/RequerimientoMisRequerimientosResponseDto
instanceKlass pe/gob/sat/servicio/requerimiento/dto/RequerimientoContadorResponseDto
instanceKlass pe/gob/sat/servicio/requerimiento/dto/RequerimientoMisPendientesResponseDto
instanceKlass pe/gob/sat/servicio/requerimiento/dto/RequerimientoDetalleResponseDto
instanceKlass pe/gob/sat/servicio/requerimiento/dto/RequerimientoDetalle2ResponseDto
instanceKlass jakarta/persistence/Tuple
instanceKlass org/springframework/http/HttpStatusCode
instanceKlass org/springframework/http/HttpEntity
instanceKlass pe/gob/sat/servicio/requerimiento/dto/RequerimientoFiltroRequestDto
instanceKlass jakarta/persistence/ConnectionFunction
instanceKlass jakarta/persistence/ConnectionConsumer
instanceKlass org/hibernate/NaturalIdMultiLoadAccess
instanceKlass org/hibernate/MultiIdentifierLoadAccess
instanceKlass org/hibernate/IdentifierLoadAccess
instanceKlass org/hibernate/NaturalIdLoadAccess
instanceKlass org/hibernate/LobHelper
instanceKlass org/hibernate/SimpleNaturalIdLoadAccess
instanceKlass org/hibernate/stat/SessionStatistics
instanceKlass org/springframework/orm/jpa/SharedEntityManagerCreator$SharedEntityHandlerInvocationHandler
instanceKlass org/springframework/orm/jpa/EntityManagerProxy
instanceKlass javax/naming/Reference
instanceKlass org/hibernate/engine/spi/FilterDefinition
instanceKlass org/springframework/orm/jpa/AbstractEntityManagerFactoryBean$ManagedEntityManagerFactoryInvocationHandler
instanceKlass org/hibernate/tool/schema/spi/DelayedDropAction
instanceKlass org/hibernate/boot/query/NamedResultSetMappingDescriptor
instanceKlass org/hibernate/event/service/spi/EventListenerGroups
instanceKlass org/hibernate/Internal
instanceKlass org/hibernate/engine/jdbc/batch/internal/BatchImpl
instanceKlass org/hibernate/engine/jdbc/batch/spi/BatchKey
instanceKlass org/hibernate/engine/jdbc/batch/JdbcBatchLogging
instanceKlass org/hibernate/engine/jdbc/mutation/group/PreparedStatementGroup
instanceKlass org/hibernate/sql/model/PreparableMutationOperation
instanceKlass org/hibernate/sql/model/TableMapping
instanceKlass org/hibernate/metamodel/mapping/TableDetails
instanceKlass org/hibernate/jdbc/Expectation
instanceKlass org/hibernate/engine/jdbc/batch/spi/Batch
instanceKlass org/hibernate/engine/jdbc/batch/internal/BatchBuilderImpl
instanceKlass org/hibernate/event/internal/EntityCopyNotAllowedObserver
instanceKlass org/hibernate/event/spi/EntityCopyObserver
instanceKlass org/hibernate/event/internal/EntityCopyLogging
instanceKlass jakarta/transaction/UserTransaction
instanceKlass jakarta/transaction/Synchronization
instanceKlass org/hibernate/engine/transaction/jta/platform/internal/NoJtaPlatform
instanceKlass org/hibernate/engine/transaction/jta/platform/spi/JtaPlatformProvider
instanceKlass org/hibernate/engine/transaction/jta/platform/internal/StandardJtaPlatformResolver
instanceKlass org/hibernate/internal/SessionFactoryBasedWrapperOptions
instanceKlass org/hibernate/engine/spi/StatelessSessionImplementor
instanceKlass org/hibernate/engine/creation/internal/AbstractCommonBuilder
instanceKlass org/hibernate/engine/creation/internal/SessionCreationOptions
instanceKlass org/hibernate/engine/profile/FetchProfile
instanceKlass org/hibernate/internal/FetchProfileHelper
instanceKlass org/hibernate/boot/query/NamedNativeQueryDefinition
instanceKlass org/hibernate/boot/query/NamedHqlQueryDefinition
instanceKlass org/hibernate/metamodel/mapping/MappingModelCreationLogging
instanceKlass org/hibernate/metamodel/internal/MemberResolver
instanceKlass org/hibernate/metamodel/model/domain/internal/AbstractAttribute
instanceKlass org/hibernate/query/sqm/tree/domain/SqmSingularPersistentAttribute
instanceKlass org/hibernate/query/sqm/SqmPathSource
instanceKlass org/hibernate/query/sqm/SqmJoinable
instanceKlass org/hibernate/query/sqm/tree/domain/SqmPersistentAttribute
instanceKlass org/hibernate/metamodel/mapping/NonTransientException
instanceKlass org/hibernate/metamodel/internal/AttributeMetadata
instanceKlass org/hibernate/metamodel/internal/AttributeContext
instanceKlass org/hibernate/metamodel/internal/AttributeFactory
instanceKlass org/hibernate/metamodel/model/domain/internal/BasicTypeImpl
instanceKlass org/hibernate/metamodel/model/domain/SingularPersistentAttribute
instanceKlass org/hibernate/metamodel/model/domain/PersistentAttribute
instanceKlass jakarta/persistence/metamodel/SingularAttribute
instanceKlass jakarta/persistence/metamodel/Attribute
instanceKlass org/hibernate/metamodel/model/domain/EmbeddableDomainType
instanceKlass org/hibernate/metamodel/internal/MetadataContext
instanceKlass org/hibernate/generator/BeforeExecutionGenerator
instanceKlass org/hibernate/metamodel/mapping/internal/MappingModelCreationProcess
instanceKlass org/hibernate/persister/internal/StandardPersisterClassResolver
instanceKlass org/hibernate/persister/collection/CollectionPersister
instanceKlass org/hibernate/persister/internal/PersisterFactoryImpl
instanceKlass org/hibernate/mapping/MappedSuperclass
instanceKlass org/hibernate/internal/SessionFactoryImpl$ModelCreationContext
instanceKlass org/hibernate/metamodel/model/domain/EntityDomainType
instanceKlass org/hibernate/metamodel/model/domain/TreatableDomainType
instanceKlass org/hibernate/metamodel/model/domain/MappedSuperclassDomainType
instanceKlass org/hibernate/metamodel/model/domain/PathSource
instanceKlass jakarta/persistence/metamodel/MappedSuperclassType
instanceKlass org/hibernate/metamodel/model/domain/IdentifiableDomainType
instanceKlass org/hibernate/metamodel/model/domain/ManagedDomainType
instanceKlass org/hibernate/metamodel/model/domain/internal/JpaMetamodelImpl
instanceKlass org/hibernate/persister/entity/EntityPersister
instanceKlass org/hibernate/persister/walking/spi/AttributeSource
instanceKlass org/hibernate/persister/entity/mutation/EntityMutationTarget
instanceKlass org/hibernate/metamodel/model/domain/internal/EntityPersisterConcurrentMap
instanceKlass org/hibernate/metamodel/model/domain/spi/JpaMetamodelImplementor
instanceKlass jakarta/persistence/metamodel/EntityType
instanceKlass jakarta/persistence/metamodel/Bindable
instanceKlass jakarta/persistence/metamodel/IdentifiableType
instanceKlass jakarta/persistence/metamodel/EmbeddableType
instanceKlass jakarta/persistence/metamodel/ManagedType
instanceKlass org/hibernate/metamodel/model/domain/internal/MappingMetamodelImpl
instanceKlass org/hibernate/query/sql/internal/SqlTranslationEngineImpl
instanceKlass org/hibernate/query/sqm/internal/SqmCreationOptionsStandard
instanceKlass org/antlr/v4/runtime/ANTLRErrorListener
instanceKlass org/antlr/v4/runtime/ANTLRErrorStrategy
instanceKlass org/hibernate/query/hql/internal/StandardHqlTranslator
instanceKlass org/hibernate/query/criteria/spi/CriteriaBuilderExtension
instanceKlass org/hibernate/query/criteria/JpaCompoundSelection
instanceKlass org/hibernate/query/sqm/tree/select/SqmSelectQuery
instanceKlass org/hibernate/query/sqm/tree/cte/SqmCteContainer
instanceKlass org/hibernate/query/criteria/JpaSubQuery
instanceKlass org/hibernate/query/criteria/JpaQueryGroup
instanceKlass org/hibernate/query/sqm/tree/select/SqmQueryPart
instanceKlass org/hibernate/query/criteria/JpaQueryPart
instanceKlass org/hibernate/query/criteria/JpaWindow
instanceKlass org/hibernate/query/criteria/JpaCoalesce
instanceKlass org/hibernate/query/criteria/JpaSimpleCase
instanceKlass org/hibernate/query/criteria/JpaSearchedCase
instanceKlass org/hibernate/query/sqm/tree/from/SqmTreatedAttributeJoin
instanceKlass org/hibernate/query/sqm/tree/domain/SqmTreatedJoin
instanceKlass org/hibernate/query/criteria/JpaTreatedJoin
instanceKlass org/hibernate/query/sqm/tree/domain/SqmTreatedFrom
instanceKlass org/hibernate/query/criteria/JpaTreatedFrom
instanceKlass org/hibernate/query/sqm/tree/domain/SqmTreatedPath
instanceKlass org/hibernate/query/sqm/tree/domain/SqmPathWrapper
instanceKlass org/hibernate/query/criteria/JpaTreatedPath
instanceKlass org/hibernate/query/sqm/tree/from/SqmAttributeJoin
instanceKlass org/hibernate/query/criteria/JpaFetch
instanceKlass jakarta/persistence/criteria/Fetch
instanceKlass org/hibernate/query/sqm/tree/domain/SqmSingularValuedJoin
instanceKlass org/hibernate/query/sqm/tree/from/SqmJoin
instanceKlass org/hibernate/query/sqm/tree/from/SqmFrom
instanceKlass org/hibernate/query/criteria/JpaWindowFrame
instanceKlass org/hibernate/query/sqm/tree/domain/SqmPath
instanceKlass org/hibernate/query/criteria/JpaSearchOrder
instanceKlass org/hibernate/query/sqm/tree/predicate/SqmInPredicate
instanceKlass org/hibernate/query/sqm/tree/predicate/SqmNegatablePredicate
instanceKlass org/hibernate/query/spi/QueryParameterImplementor
instanceKlass org/hibernate/query/QueryParameter
instanceKlass org/hibernate/query/sqm/tree/expression/SqmParameter
instanceKlass org/hibernate/query/criteria/JpaParameterExpression
instanceKlass org/hibernate/query/criteria/JpaJsonTableFunction
instanceKlass org/hibernate/query/criteria/JpaJsonTableColumnsNode
instanceKlass org/hibernate/query/criteria/JpaJsonExistsExpression
instanceKlass org/hibernate/query/criteria/JpaJsonExistsNode
instanceKlass org/hibernate/query/criteria/JpaJsonQueryExpression
instanceKlass org/hibernate/query/criteria/JpaJsonQueryNode
instanceKlass org/hibernate/query/criteria/JpaJsonValueExpression
instanceKlass org/hibernate/query/criteria/JpaJsonValueNode
instanceKlass org/hibernate/query/criteria/JpaCastTarget
instanceKlass org/hibernate/query/criteria/JpaCriteriaQuery
instanceKlass org/hibernate/query/criteria/JpaCriteriaSelect
instanceKlass org/hibernate/query/criteria/JpaSelectCriteria
instanceKlass org/hibernate/query/criteria/JpaListJoin
instanceKlass org/hibernate/query/criteria/JpaSetJoin
instanceKlass org/hibernate/query/criteria/JpaCollectionJoin
instanceKlass org/hibernate/query/criteria/JpaRoot
instanceKlass org/hibernate/query/criteria/JpaMapJoin
instanceKlass org/hibernate/query/criteria/JpaPluralJoin
instanceKlass org/hibernate/query/criteria/JpaJoin
instanceKlass org/hibernate/query/criteria/JpaFrom
instanceKlass org/hibernate/query/criteria/JpaFetchParent
instanceKlass org/hibernate/query/criteria/JpaPath
instanceKlass org/hibernate/query/criteria/JpaCriteriaDelete
instanceKlass org/hibernate/query/criteria/JpaCriteriaInsertValues
instanceKlass org/hibernate/query/criteria/JpaCriteriaUpdate
instanceKlass org/hibernate/query/criteria/JpaCriteriaInsertSelect
instanceKlass org/hibernate/query/criteria/JpaOrder
instanceKlass org/hibernate/query/criteria/JpaInPredicate
instanceKlass org/hibernate/query/criteria/JpaValues
instanceKlass jakarta/persistence/criteria/Subquery
instanceKlass jakarta/persistence/criteria/CriteriaBuilder$Coalesce
instanceKlass jakarta/persistence/criteria/CriteriaBuilder$Case
instanceKlass jakarta/persistence/criteria/CriteriaBuilder$SimpleCase
instanceKlass jakarta/persistence/criteria/ListJoin
instanceKlass jakarta/persistence/criteria/Root
instanceKlass jakarta/persistence/criteria/SetJoin
instanceKlass jakarta/persistence/criteria/CollectionJoin
instanceKlass jakarta/persistence/criteria/MapJoin
instanceKlass jakarta/persistence/criteria/PluralJoin
instanceKlass jakarta/persistence/criteria/Join
instanceKlass jakarta/persistence/criteria/From
instanceKlass jakarta/persistence/criteria/FetchParent
instanceKlass jakarta/persistence/criteria/Path
instanceKlass jakarta/persistence/criteria/Order
instanceKlass jakarta/persistence/criteria/ParameterExpression
instanceKlass jakarta/persistence/Parameter
instanceKlass jakarta/persistence/criteria/CriteriaBuilder$In
instanceKlass jakarta/persistence/criteria/CompoundSelection
instanceKlass org/hibernate/query/sqm/internal/SqmCriteriaNodeBuilder
instanceKlass org/hibernate/query/sql/spi/NativeSelectQueryDefinition
instanceKlass org/hibernate/query/sql/spi/ParameterRecognizer
instanceKlass org/hibernate/query/sql/spi/NativeSelectQueryPlan
instanceKlass org/hibernate/query/sql/spi/NativeQueryPlan
instanceKlass org/hibernate/query/spi/SelectQueryPlan
instanceKlass org/hibernate/query/spi/QueryPlan
instanceKlass org/hibernate/engine/query/internal/NativeQueryInterpreterStandardImpl
instanceKlass org/hibernate/internal/util/collections/BoundedConcurrentHashMap$HashEntry
instanceKlass org/hibernate/internal/util/collections/BoundedConcurrentHashMap$LIRS
instanceKlass org/hibernate/internal/util/collections/BoundedConcurrentHashMap$EvictionPolicy
instanceKlass org/hibernate/internal/util/cache/LegacyInternalCacheImplementation
instanceKlass org/hibernate/internal/util/cache/InternalCache
instanceKlass org/hibernate/internal/util/cache/InternalCacheFactoryImpl
instanceKlass org/hibernate/query/QueryLogging
instanceKlass org/hibernate/query/spi/HqlInterpretation
instanceKlass org/hibernate/query/spi/ParameterMetadataImplementor
instanceKlass org/hibernate/query/ParameterMetadata
instanceKlass org/hibernate/query/spi/QueryInterpretationCache$Key
instanceKlass org/hibernate/query/internal/QueryInterpretationCacheStandardImpl
instanceKlass org/hibernate/query/named/NamedQueryMemento
instanceKlass org/hibernate/query/internal/NamedObjectRepositoryImpl
instanceKlass org/hibernate/query/sqm/sql/SqmTranslator
instanceKlass org/hibernate/query/sqm/spi/JdbcParameterBySqmParameterAccess
instanceKlass org/hibernate/sql/ast/spi/FromClauseAccess
instanceKlass org/hibernate/query/sqm/tree/SqmStatement
instanceKlass org/hibernate/query/sqm/tree/SqmQuery
instanceKlass org/hibernate/query/sqm/sql/StandardSqmTranslatorFactory
instanceKlass org/hibernate/dialect/function/GenerateSeriesArgumentTypeResolver
instanceKlass org/hibernate/dialect/function/GenerateSeriesArgumentValidator
instanceKlass org/hibernate/internal/util/NullnessUtil
instanceKlass org/hibernate/dialect/function/GenerateSeriesSetReturningFunctionTypeResolver
instanceKlass org/hibernate/sql/ast/tree/predicate/PredicateContainer
instanceKlass org/hibernate/sql/ast/tree/select/QueryPart
instanceKlass org/hibernate/sql/ast/tree/from/TableGroup
instanceKlass org/hibernate/query/sqm/sql/internal/SqmPathInterpretation
instanceKlass org/hibernate/sql/ast/tree/from/ColumnReferenceQualifier
instanceKlass org/hibernate/sql/ast/spi/SqlSelection
instanceKlass org/hibernate/dialect/function/TruncFunction$TruncRenderingSupport
instanceKlass org/hibernate/dialect/function/TruncFunction$TruncArgumentsValidator
instanceKlass org/hibernate/dialect/function/array/ArrayArgumentValidator
instanceKlass org/hibernate/metamodel/mapping/SelectableMapping
instanceKlass org/hibernate/dialect/function/UnnestSetReturningFunctionTypeResolver
instanceKlass org/hibernate/metamodel/mapping/SqlTypedMapping
instanceKlass org/hibernate/query/sqm/produce/function/SetReturningFunctionTypeResolver$Builder
instanceKlass org/hibernate/dialect/function/xml/XmlTableSetReturningFunctionTypeResolver
instanceKlass org/hibernate/query/criteria/JpaXmlTableFunction
instanceKlass org/hibernate/query/criteria/JpaSetReturningFunction
instanceKlass org/hibernate/query/sqm/produce/function/SetReturningFunctionTypeResolver
instanceKlass org/hibernate/query/sqm/function/AbstractSqmSetReturningFunctionDescriptor
instanceKlass org/hibernate/query/sqm/function/SetReturningFunctionRenderer
instanceKlass org/hibernate/dialect/function/xml/XmlForestFunction$1
instanceKlass org/hibernate/query/sqm/produce/function/StandardArgumentsValidators$8
instanceKlass org/hibernate/dialect/function/xml/XmlElementFunction$1
instanceKlass org/hibernate/query/criteria/JpaXmlElementExpression
instanceKlass org/hibernate/engine/jdbc/Size
instanceKlass org/hibernate/type/descriptor/java/EnumJavaType$1
instanceKlass org/hibernate/type/descriptor/java/spi/RegistryHelper
instanceKlass org/hibernate/internal/util/ReflectHelper
instanceKlass org/hibernate/type/descriptor/java/AbstractJavaType
instanceKlass org/hibernate/dialect/function/SqlFunction$1
instanceKlass org/hibernate/dialect/function/TimestampdiffFunction$TimestampdiffFunctionReturnTypeResolver
instanceKlass org/hibernate/sql/ast/tree/predicate/Predicate
instanceKlass org/hibernate/type/descriptor/java/AbstractTemporalJavaType$1
instanceKlass org/hibernate/query/sqm/tree/predicate/SqmPredicate
instanceKlass org/hibernate/query/criteria/JpaPredicate
instanceKlass jakarta/persistence/criteria/Predicate
instanceKlass org/hibernate/query/sqm/produce/function/StandardArgumentsValidators$3
instanceKlass org/hibernate/query/sqm/produce/function/internal/PatternRenderer
instanceKlass org/hibernate/query/sqm/produce/function/PatternFunctionDescriptorBuilder
instanceKlass org/hibernate/query/sqm/produce/function/StandardArgumentsValidators$6
instanceKlass org/hibernate/query/sqm/produce/function/StandardFunctionReturnTypeResolvers$2
instanceKlass org/hibernate/query/sqm/produce/function/StandardFunctionArgumentTypeResolvers$1
instanceKlass org/hibernate/query/sqm/produce/function/StandardFunctionReturnTypeResolvers$1
instanceKlass org/hibernate/dialect/function/AvgFunction$ReturnTypeResolver
instanceKlass org/hibernate/dialect/function/AvgFunction$Validator
instanceKlass org/hibernate/dialect/function/SumReturnTypeResolver
instanceKlass org/hibernate/query/sqm/produce/function/StandardFunctionReturnTypeResolvers$3
instanceKlass org/hibernate/query/sqm/produce/function/StandardFunctionReturnTypeResolvers
instanceKlass org/hibernate/query/sqm/tree/expression/SqmOrderedSetAggregateFunction
instanceKlass org/hibernate/query/sqm/tree/expression/SqmWindowFunction
instanceKlass org/hibernate/query/sqm/tree/expression/SqmAggregateFunction
instanceKlass org/hibernate/query/sqm/function/AbstractSqmFunctionDescriptor
instanceKlass org/hibernate/query/sqm/function/FunctionRenderer
instanceKlass org/hibernate/query/sqm/tree/AbstractSqmNode
instanceKlass org/hibernate/query/sqm/tree/expression/SqmExpression
instanceKlass org/hibernate/query/sqm/tree/select/SqmSelectableNode
instanceKlass org/hibernate/query/sqm/tree/SqmTypedNode
instanceKlass org/hibernate/query/sqm/tree/SqmVisitableNode
instanceKlass org/hibernate/query/sqm/tree/SqmExpressibleAccessor
instanceKlass org/hibernate/query/sqm/tree/SqmNode
instanceKlass org/hibernate/query/sqm/tree/SqmCacheable
instanceKlass org/hibernate/query/hql/spi/SemanticPathPart
instanceKlass org/hibernate/query/criteria/JpaFunction
instanceKlass org/hibernate/query/criteria/JpaExpression
instanceKlass jakarta/persistence/criteria/Expression
instanceKlass org/hibernate/query/criteria/JpaSelection
instanceKlass jakarta/persistence/criteria/Selection
instanceKlass org/hibernate/query/criteria/JpaTupleElement
instanceKlass jakarta/persistence/TupleElement
instanceKlass org/hibernate/query/sqm/sql/SqmToSqlAstConverter
instanceKlass org/hibernate/sql/ast/spi/SqlAstCreationState
instanceKlass org/hibernate/query/sqm/SemanticQueryWalker
instanceKlass org/hibernate/query/sqm/produce/function/internal/AbstractFunctionArgumentTypeResolver
instanceKlass org/hibernate/query/sqm/produce/function/StandardFunctionArgumentTypeResolvers
instanceKlass org/hibernate/query/sqm/produce/function/ArgumentTypesValidator
instanceKlass org/hibernate/query/sqm/produce/function/StandardArgumentsValidators$4
instanceKlass org/hibernate/query/sqm/produce/function/StandardArgumentsValidators$2
instanceKlass org/hibernate/query/sqm/produce/function/StandardArgumentsValidators$1
instanceKlass org/hibernate/query/sqm/produce/function/StandardArgumentsValidators
instanceKlass org/hibernate/query/sqm/produce/function/NamedFunctionDescriptorBuilder
instanceKlass org/hibernate/query/sqm/produce/function/FunctionReturnTypeResolver
instanceKlass org/hibernate/query/sqm/function/SqmSetReturningFunctionDescriptor
instanceKlass org/hibernate/query/sqm/produce/function/ArgumentsValidator
instanceKlass org/hibernate/query/sqm/produce/function/FunctionArgumentTypeResolver
instanceKlass org/hibernate/dialect/function/CommonFunctionFactory
instanceKlass org/hibernate/type/descriptor/jdbc/spi/AbstractJdbcLiteralFormatter
instanceKlass org/hibernate/internal/util/type/PrimitiveWrappers
instanceKlass org/hibernate/type/descriptor/java/spi/JavaTypeRegistry$MutabilityPlanCreator
instanceKlass org/hibernate/query/internal/QueryEngineImpl$FunctionContributionsImpl
instanceKlass org/hibernate/query/spi/QueryInterpretationCache
instanceKlass org/hibernate/query/sqm/sql/SqmTranslatorFactory
instanceKlass org/hibernate/query/hql/HqlTranslator
instanceKlass org/hibernate/query/hql/spi/SqmCreationOptions
instanceKlass org/hibernate/query/sqm/NodeBuilder
instanceKlass org/hibernate/query/sqm/spi/SqmCreationContext
instanceKlass org/hibernate/query/internal/QueryEngineImpl
instanceKlass org/hibernate/metamodel/internal/RuntimeMetamodelsImpl
instanceKlass org/hibernate/tool/schema/spi/ExecutionOptions
instanceKlass org/hibernate/tool/schema/spi/JpaTargetAndSourceDescriptor
instanceKlass org/hibernate/tool/schema/spi/SourceDescriptor
instanceKlass org/hibernate/tool/schema/spi/TargetDescriptor
instanceKlass org/hibernate/tool/schema/spi/SchemaManagementToolCoordinator$SettingSelector
instanceKlass org/hibernate/tool/schema/spi/ExceptionHandler
instanceKlass org/hibernate/tool/schema/spi/SchemaManagementToolCoordinator
instanceKlass org/hibernate/boot/beanvalidation/DuplicationStrategyImpl
instanceKlass org/hibernate/validator/internal/engine/ValidatorFactoryScopedContext$Builder
instanceKlass org/hibernate/validator/internal/engine/ValidatorContextImpl
instanceKlass org/hibernate/boot/beanvalidation/HibernateTraversableResolver
instanceKlass org/hibernate/boot/beanvalidation/BeanValidationEventListener
instanceKlass org/hibernate/boot/beanvalidation/GroupsPerOperation
instanceKlass org/hibernate/boot/beanvalidation/TypeSafeActivator
instanceKlass jakarta/validation/ConstraintViolation
instanceKlass org/hibernate/internal/SessionFactoryImpl$IntegratorObserver
instanceKlass org/hibernate/internal/util/GenericsHelper
instanceKlass org/hibernate/temporal/internal/ChangesetCoordinatorImpl
instanceKlass org/hibernate/sql/ast/tree/AbstractStatement
instanceKlass org/hibernate/sql/ast/tree/cte/CteContainer
instanceKlass org/hibernate/query/sqm/sql/internal/DomainResultProducer
instanceKlass org/hibernate/sql/ast/tree/expression/Expression
instanceKlass org/hibernate/sql/ast/spi/SqlSelectionProducer
instanceKlass org/hibernate/query/results/ResultSetMapping
instanceKlass org/hibernate/sql/results/jdbc/spi/JdbcValuesMappingProducer
instanceKlass org/hibernate/sql/results/jdbc/internal/JdbcValuesMappingProducerProviderStandard
instanceKlass org/hibernate/relational/internal/SchemaManagerImpl
instanceKlass org/hibernate/internal/EmptyInterceptor
instanceKlass org/hibernate/internal/CoordinatingEntityNameResolver
instanceKlass org/hibernate/jpa/internal/PersistenceUnitUtilImpl
instanceKlass org/hibernate/cache/spi/TimestampsCache
instanceKlass org/hibernate/cache/spi/access/CollectionDataAccess
instanceKlass org/hibernate/cache/spi/access/EntityDataAccess
instanceKlass org/hibernate/cache/spi/QueryResultsCache
instanceKlass org/hibernate/cache/spi/access/NaturalIdDataAccess
instanceKlass org/hibernate/cache/spi/access/CachedDomainDataAccess
instanceKlass org/hibernate/metamodel/model/domain/NavigableRole
instanceKlass org/hibernate/spi/DotIdentifierSequence
instanceKlass org/hibernate/cache/internal/DisabledCaching
instanceKlass org/hibernate/boot/model/relational/internal/SqlStringGenerationContextImpl
instanceKlass org/hibernate/boot/model/relational/SqlStringGenerationContext
instanceKlass org/hibernate/internal/SessionFactorySettings
instanceKlass org/hibernate/event/spi/EventEngineContributor
instanceKlass org/hibernate/event/spi/EventEngine$ContributionManager
instanceKlass org/hibernate/event/internal/DefaultRefreshEventListener
instanceKlass org/hibernate/event/internal/PostUpsertEventListenerStandardImpl
instanceKlass org/hibernate/event/internal/PostUpdateEventListenerStandardImpl
instanceKlass org/hibernate/engine/spi/TransactionCompletionCallbacks$BeforeCompletionCallback
instanceKlass org/hibernate/event/internal/DefaultPostLoadEventListener
instanceKlass org/hibernate/event/internal/PostInsertEventListenerStandardImpl
instanceKlass org/hibernate/event/internal/PostDeleteEventListenerStandardImpl
instanceKlass org/hibernate/event/spi/PostCommitUpdateEventListener
instanceKlass org/hibernate/event/spi/PostCommitInsertEventListener
instanceKlass org/hibernate/event/spi/PostCommitDeleteEventListener
instanceKlass org/hibernate/event/internal/DefaultPreLoadEventListener
instanceKlass org/hibernate/event/internal/DefaultLockEventListener
instanceKlass org/hibernate/event/internal/DefaultInitializeCollectionEventListener
instanceKlass org/hibernate/event/internal/DefaultLoadEventListener
instanceKlass org/hibernate/CustomEntityDirtinessStrategy$DirtyCheckContext
instanceKlass org/hibernate/event/internal/DefaultFlushEntityEventListener
instanceKlass org/hibernate/metamodel/mapping/EntityMappingType
instanceKlass org/hibernate/metamodel/mapping/SoftDeletableModelPart
instanceKlass org/hibernate/metamodel/mapping/Discriminable
instanceKlass org/hibernate/metamodel/mapping/Restrictable
instanceKlass org/hibernate/metamodel/mapping/WhereRestrictable
instanceKlass org/hibernate/metamodel/mapping/FilterRestrictable
instanceKlass org/hibernate/loader/ast/spi/Loadable
instanceKlass org/hibernate/sql/ast/tree/from/RootTableGroupProducer
instanceKlass org/hibernate/sql/ast/tree/from/TableGroupProducer
instanceKlass org/hibernate/metamodel/mapping/EntityValuedModelPart
instanceKlass org/hibernate/metamodel/mapping/ManagedMappingType
instanceKlass org/hibernate/sql/results/graph/FetchableContainer
instanceKlass org/hibernate/metamodel/mapping/ModelPartContainer
instanceKlass org/hibernate/metamodel/mapping/ModelPart
instanceKlass org/hibernate/event/internal/DefaultEvictEventListener
instanceKlass org/hibernate/event/internal/DefaultDirtyCheckEventListener
instanceKlass org/hibernate/event/internal/DefaultDeleteEventListener
instanceKlass org/hibernate/action/internal/EntityAction
instanceKlass org/hibernate/action/spi/AfterTransactionCompletionProcess
instanceKlass org/hibernate/engine/spi/ComparableExecutable
instanceKlass org/hibernate/action/spi/Executable
instanceKlass org/hibernate/event/internal/AbstractSaveEventListener
instanceKlass org/hibernate/event/service/spi/JpaBootstrapSensitive
instanceKlass org/hibernate/jpa/event/spi/CallbackRegistryConsumer
instanceKlass java/util/concurrent/ForkJoinTask
instanceKlass java/util/concurrent/CompletableFuture$AsynchronousCompletionTask
instanceKlass java/util/concurrent/CompletableFuture$AltResult
instanceKlass org/hibernate/event/service/internal/EventListenerGroupImpl$1
instanceKlass org/hibernate/event/service/spi/DuplicationStrategy
instanceKlass org/hibernate/event/spi/AbstractSessionEvent
instanceKlass org/hibernate/event/internal/AbstractFlushingEventListener
instanceKlass org/hibernate/event/spi/PostCollectionUpdateEventListener
instanceKlass org/hibernate/event/spi/PostCollectionRemoveEventListener
instanceKlass org/hibernate/event/spi/PostCollectionRecreateEventListener
instanceKlass org/hibernate/event/spi/PreCollectionUpdateEventListener
instanceKlass org/hibernate/event/spi/PreCollectionRemoveEventListener
instanceKlass org/hibernate/event/spi/PreCollectionRecreateEventListener
instanceKlass org/hibernate/event/spi/PostUpsertEventListener
instanceKlass org/hibernate/event/spi/PostLoadEventListener
instanceKlass org/hibernate/event/spi/PreUpsertEventListener
instanceKlass org/hibernate/event/spi/PreInsertEventListener
instanceKlass org/hibernate/event/spi/PreUpdateEventListener
instanceKlass org/hibernate/event/spi/PreDeleteEventListener
instanceKlass org/hibernate/event/spi/PreLoadEventListener
instanceKlass org/hibernate/event/spi/RefreshEventListener
instanceKlass org/hibernate/event/spi/LockEventListener
instanceKlass org/hibernate/event/spi/EvictEventListener
instanceKlass org/hibernate/event/spi/ClearEventListener
instanceKlass org/hibernate/event/spi/FlushEntityEventListener
instanceKlass org/hibernate/event/spi/DirtyCheckEventListener
instanceKlass org/hibernate/event/spi/PreFlushEventListener
instanceKlass org/hibernate/event/spi/AutoFlushEventListener
instanceKlass org/hibernate/event/spi/FlushEventListener
instanceKlass org/hibernate/event/spi/ReplicateEventListener
instanceKlass org/hibernate/event/spi/DeleteEventListener
instanceKlass org/hibernate/event/spi/MergeEventListener
instanceKlass org/hibernate/event/spi/PersistEventListener
instanceKlass org/hibernate/event/spi/InitializeCollectionEventListener
instanceKlass org/hibernate/event/spi/LoadEventListener
instanceKlass org/hibernate/event/spi/EventType
instanceKlass org/hibernate/event/service/internal/EventListenerRegistryImpl
instanceKlass org/hibernate/event/service/internal/EventListenerGroupImpl
instanceKlass org/hibernate/event/service/spi/EventListenerGroup
instanceKlass org/hibernate/event/service/internal/EventListenerRegistryImpl$Builder
instanceKlass org/hibernate/internal/util/collections/EmptyReadOnlyMap
instanceKlass org/hibernate/internal/util/collections/ReadOnlyMap
instanceKlass org/hibernate/jpa/event/internal/CallbackRegistryImpl
instanceKlass org/hibernate/jpa/event/spi/Callback
instanceKlass org/hibernate/jpa/event/internal/CallbackRegistryImpl$Builder
instanceKlass org/hibernate/event/service/spi/EventListenerRegistry
instanceKlass org/hibernate/jpa/event/spi/CallbackRegistry
instanceKlass org/hibernate/jpa/event/internal/CallbacksFactory
instanceKlass org/hibernate/event/spi/EventEngineContributions
instanceKlass org/hibernate/event/spi/EventEngine
instanceKlass org/hibernate/service/spi/SessionFactoryServiceInitiatorContext
instanceKlass org/hibernate/service/spi/SessionFactoryServiceContributor
instanceKlass org/hibernate/stat/spi/StatisticsImplementor
instanceKlass org/hibernate/engine/extension/spi/ExtensionIntegrationService
instanceKlass org/hibernate/engine/extension/spi/ExtensionIntegrationServiceInitiator
instanceKlass org/hibernate/engine/query/spi/NativeQueryInterpreter
instanceKlass org/hibernate/engine/query/spi/NativeQueryInterpreterInitiator
instanceKlass org/hibernate/cache/spi/CacheImplementor
instanceKlass org/hibernate/engine/spi/CacheInitiator
instanceKlass org/hibernate/stat/internal/StatisticsInitiator
instanceKlass org/hibernate/service/spi/SessionFactoryServiceInitiator
instanceKlass org/hibernate/service/internal/StandardSessionFactoryServiceInitiators
instanceKlass org/hibernate/service/internal/SessionFactoryServiceRegistryBuilderImpl
instanceKlass org/hibernate/service/spi/SessionFactoryServiceRegistry
instanceKlass org/hibernate/service/spi/SessionFactoryServiceRegistryBuilder
instanceKlass org/hibernate/service/internal/SessionFactoryServiceRegistryFactoryImpl
instanceKlass org/hibernate/internal/SessionFactoryLogging
instanceKlass org/hibernate/internal/SessionFactoryObserverChain
instanceKlass org/hibernate/context/spi/CurrentSessionContext
instanceKlass org/hibernate/engine/creation/spi/SessionBuilderImplementor
instanceKlass org/hibernate/graph/spi/RootGraphImplementor
instanceKlass org/hibernate/graph/spi/GraphImplementor
instanceKlass org/hibernate/graph/spi/GraphNodeImplementor
instanceKlass javax/naming/RefAddr
instanceKlass org/hibernate/metamodel/spi/RuntimeModelCreationContext
instanceKlass org/hibernate/metamodel/spi/MappingMetamodelImplementor
instanceKlass org/hibernate/query/spi/QueryParameterBindingTypeResolver
instanceKlass org/hibernate/metamodel/MappingMetamodel
instanceKlass org/hibernate/query/sql/spi/SqlTranslationEngine
instanceKlass org/hibernate/sql/ast/spi/SqlAstCreationContext
instanceKlass org/hibernate/query/spi/QueryEngine
instanceKlass org/hibernate/metamodel/spi/RuntimeMetamodelsImplementor
instanceKlass org/hibernate/type/BindingContext
instanceKlass org/hibernate/metamodel/RuntimeMetamodels
instanceKlass org/hibernate/relational/SchemaManager
instanceKlass org/hibernate/EntityNameResolver
instanceKlass org/hibernate/stat/Statistics
instanceKlass org/hibernate/metamodel/model/domain/JpaMetamodel
instanceKlass org/hibernate/sql/exec/spi/JdbcSelectWithActionsBuilder
instanceKlass org/hibernate/Cache
instanceKlass org/hibernate/internal/SessionFactoryImpl
instanceKlass org/hibernate/internal/SessionFactoryRegistryMessageLogger
instanceKlass org/hibernate/internal/SessionFactoryRegistry$1
instanceKlass org/hibernate/internal/SessionFactoryRegistry
instanceKlass org/hibernate/jpa/internal/JpaComplianceImpl$JpaComplianceBuilder
instanceKlass org/hibernate/jpa/internal/JpaEntityNotFoundDelegate
instanceKlass org/hibernate/jpa/boot/internal/ServiceRegistryCloser
instanceKlass org/hibernate/boot/spi/SessionFactoryBuilderFactory
instanceKlass org/hibernate/boot/internal/SessionFactoryObserverForRegistration
instanceKlass org/hibernate/boot/internal/SessionFactoryObserverForSchemaExport
instanceKlass org/hibernate/boot/internal/SessionFactoryObserverForNamedQueryValidation
instanceKlass org/hibernate/bytecode/internal/SessionFactoryObserverForBytecodeEnhancer
instanceKlass org/hibernate/bytecode/enhance/internal/bytebuddy/EnhancerClassLocator
instanceKlass org/hibernate/jpa/internal/util/ConfigurationHelper
instanceKlass jakarta/persistence/Timeout
instanceKlass org/hibernate/internal/LockOptionsHelper
instanceKlass org/hibernate/LockOptions
instanceKlass org/hibernate/jpa/internal/util/CacheModeHelper$1
instanceKlass org/hibernate/jpa/internal/util/CacheModeHelper
instanceKlass jakarta/persistence/LockOption
instanceKlass org/hibernate/context/spi/TenantCredentialsMapper
instanceKlass org/hibernate/context/spi/TenantSchemaMapper
instanceKlass org/hibernate/context/spi/CurrentTenantIdentifierResolver
instanceKlass org/hibernate/dialect/temporal/DefaultTemporalTableSupport
instanceKlass org/hibernate/boot/internal/StandardEntityNotFoundDelegate
instanceKlass org/hibernate/boot/internal/DefaultCustomEntityDirtinessStrategy
instanceKlass org/hibernate/CustomEntityDirtinessStrategy
instanceKlass org/hibernate/SessionEventListener
instanceKlass org/hibernate/internal/BaselineSessionEventsListenerBuilder
instanceKlass org/hibernate/resource/jdbc/spi/StatementInspector
instanceKlass org/hibernate/Interceptor
instanceKlass org/hibernate/type/format/jaxb/JaxbXmlFormatMapper$JAXBElementTransformer
instanceKlass org/hibernate/type/format/jaxb/JaxbXmlFormatMapper$ManagedMapWrapper
instanceKlass jakarta/xml/bind/JAXBContext
instanceKlass org/hibernate/type/format/jaxb/JaxbIntegration
instanceKlass tools/jackson/core/util/RecyclerPool$ThreadLocalPoolBase
instanceKlass org/hibernate/boot/internal/SessionFactoryOptionsBuilder$1
instanceKlass org/hibernate/type/format/FormatMapperCreationContext
instanceKlass org/hibernate/boot/internal/SessionFactoryOptionsBuilder
instanceKlass org/hibernate/boot/internal/SessionFactoryBuilderImpl
instanceKlass org/hibernate/boot/spi/SessionFactoryBuilderImplementor
instanceKlass org/hibernate/boot/internal/DefaultSessionFactoryBuilderService
instanceKlass org/hibernate/mapping/Constraint
instanceKlass org/hibernate/query/named/NamedObjectRepository
instanceKlass org/hibernate/boot/SessionFactoryBuilder
instanceKlass org/hibernate/boot/internal/MetadataImpl
instanceKlass org/hibernate/boot/spi/AdditionalMappingContributor
instanceKlass org/hibernate/boot/model/process/spi/MetadataBuildingProcess$AdditionalMappingContributionsImpl
instanceKlass org/hibernate/metamodel/mapping/DiscriminatorType
instanceKlass org/hibernate/metamodel/mapping/DiscriminatorConverter
instanceKlass org/hibernate/type/AbstractType
instanceKlass org/hibernate/type/spi/CompositeTypeImplementor
instanceKlass org/hibernate/type/CompositeType
instanceKlass org/hibernate/generator/GeneratorCreationContext
instanceKlass org/hibernate/usertype/DynamicParameterizedType$ParameterType
instanceKlass org/hibernate/boot/model/NamedGraphCreator
instanceKlass org/hibernate/boot/model/internal/AnnotationBinder
instanceKlass org/hibernate/boot/model/relational/Namespace
instanceKlass org/hibernate/boot/model/process/spi/MetadataBuildingProcess$1
instanceKlass org/hibernate/boot/models/spi/ConversionRegistration
instanceKlass org/hibernate/boot/model/source/internal/annotations/AnnotationMetadataSourceProcessorImpl
instanceKlass org/hibernate/mapping/Selectable
instanceKlass org/hibernate/boot/model/source/internal/hbm/RelationalObjectBinder
instanceKlass org/hibernate/boot/model/naming/ImplicitAnyDiscriminatorColumnNameSource
instanceKlass org/hibernate/boot/model/naming/ImplicitAnyKeyColumnNameSource
instanceKlass org/hibernate/mapping/Property
instanceKlass org/hibernate/boot/model/source/spi/TableSpecificationSource
instanceKlass org/hibernate/boot/model/naming/ImplicitEntityNameSource
instanceKlass org/hibernate/boot/model/naming/ImplicitIndexColumnNameSource
instanceKlass org/hibernate/boot/model/naming/ImplicitMapKeyColumnNameSource
instanceKlass org/hibernate/generator/Generator
instanceKlass org/hibernate/boot/model/naming/ImplicitBasicColumnNameSource
instanceKlass org/hibernate/boot/model/naming/ImplicitDiscriminatorColumnNameSource
instanceKlass org/hibernate/boot/model/source/spi/SingularAttributeSourceToOne
instanceKlass org/hibernate/boot/model/source/spi/AssociationSource
instanceKlass org/hibernate/boot/model/source/internal/hbm/RelationalObjectBinder$ColumnNamingDelegate
instanceKlass org/hibernate/mapping/SortableValue
instanceKlass org/hibernate/boot/model/source/spi/SingularAttributeSource
instanceKlass org/hibernate/boot/model/source/spi/RelationalValueSourceContainer
instanceKlass org/hibernate/boot/model/source/spi/ColumnBindingDefaults
instanceKlass org/hibernate/boot/model/source/spi/HibernateTypeSource
instanceKlass org/hibernate/boot/model/convert/spi/JpaAttributeConverterCreationContext
instanceKlass org/hibernate/mapping/Resolvable
instanceKlass org/hibernate/mapping/SimpleValue
instanceKlass org/hibernate/boot/model/source/spi/AnyMappingSource
instanceKlass org/hibernate/boot/model/source/internal/hbm/HbmLocalMetadataBuildingContext
instanceKlass org/hibernate/boot/model/source/spi/LocalMetadataBuildingContext
instanceKlass org/hibernate/boot/spi/NaturalIdUniqueKeyBinder
instanceKlass org/hibernate/boot/model/source/internal/hbm/IndexedPluralAttributeSource
instanceKlass org/hibernate/boot/model/source/spi/PluralAttributeSource
instanceKlass org/hibernate/boot/model/source/spi/CascadeStyleSource
instanceKlass org/hibernate/boot/model/source/spi/FetchableAttributeSource
instanceKlass org/hibernate/boot/model/source/spi/AttributeSource
instanceKlass org/hibernate/mapping/Collection
instanceKlass org/hibernate/mapping/Fetchable
instanceKlass org/hibernate/boot/model/source/spi/EntityHierarchySource
instanceKlass org/hibernate/boot/model/naming/ImplicitIdentifierColumnNameSource
instanceKlass org/hibernate/boot/model/source/spi/CompositeIdentifierSource
instanceKlass org/hibernate/boot/model/source/spi/EmbeddableSourceContributor
instanceKlass org/hibernate/boot/model/source/spi/IdentifierSource
instanceKlass org/hibernate/mapping/KeyValue
instanceKlass org/hibernate/boot/model/source/internal/hbm/ModelBinder
instanceKlass org/hibernate/boot/jaxb/hbm/spi/TableInformationContainer
instanceKlass org/hibernate/boot/jaxb/hbm/spi/SubEntityInfo
instanceKlass org/hibernate/boot/jaxb/hbm/spi/SecondaryTableContainer
instanceKlass org/hibernate/boot/jaxb/hbm/spi/Discriminatable
instanceKlass org/hibernate/boot/jaxb/hbm/spi/JaxbHbmToolingHintContainer
instanceKlass org/hibernate/boot/jaxb/hbm/spi/EntityInfo
instanceKlass org/hibernate/boot/jaxb/hbm/spi/ResultSetMappingContainer
instanceKlass org/hibernate/boot/jaxb/hbm/spi/ToolingHintContainer
instanceKlass org/hibernate/boot/model/source/spi/JoinedSubclassEntitySource
instanceKlass org/hibernate/boot/model/source/spi/ForeignKeyContributingSource
instanceKlass org/hibernate/boot/model/source/internal/hbm/AbstractHbmSourceNode
instanceKlass org/hibernate/boot/model/source/internal/hbm/Helper$InLineViewNameInferrer
instanceKlass org/hibernate/boot/model/source/spi/SubclassEntitySource
instanceKlass org/hibernate/boot/model/source/spi/EntitySource
instanceKlass org/hibernate/boot/model/source/spi/EntityNamingSourceContributor
instanceKlass org/hibernate/boot/model/source/spi/IdentifiableTypeSource
instanceKlass org/hibernate/boot/model/source/spi/AttributeSourceContainer
instanceKlass org/hibernate/boot/model/source/spi/ToolingHintContextContainer
instanceKlass org/hibernate/boot/model/source/internal/hbm/EntityHierarchyBuilder
instanceKlass org/hibernate/boot/model/source/internal/hbm/HbmMetadataSourceProcessorImpl
instanceKlass org/hibernate/temporal/spi/ChangesetIdentifierSupplier
instanceKlass org/hibernate/mapping/SoftDeletable
instanceKlass org/hibernate/mapping/TableOwner
instanceKlass org/hibernate/mapping/PersistentClass
instanceKlass org/hibernate/mapping/MetaAttributable
instanceKlass org/hibernate/mapping/Filterable
instanceKlass org/hibernate/mapping/AttributeContainer
instanceKlass org/hibernate/mapping/IdentifiableTypeClass
instanceKlass org/hibernate/mapping/TableContainer
instanceKlass org/hibernate/mapping/Stateful
instanceKlass org/hibernate/mapping/AuxiliaryTableHolder
instanceKlass org/hibernate/boot/model/internal/AuditHelper
instanceKlass org/hibernate/boot/model/internal/TemporalHelper
instanceKlass org/hibernate/boot/model/naming/ObjectNameNormalizer
instanceKlass org/hibernate/boot/internal/MetadataBuildingContextRootImpl
instanceKlass org/hibernate/boot/model/source/internal/annotations/DomainModelSource
instanceKlass org/hibernate/boot/models/xml/spi/XmlProcessingResult$OverrideTuple
instanceKlass org/hibernate/models/rendering/spi/RenderingTarget
instanceKlass org/hibernate/boot/jaxb/mapping/spi/JaxbBasicImpl
instanceKlass org/hibernate/boot/jaxb/mapping/spi/JaxbStandardAttribute
instanceKlass org/hibernate/boot/jaxb/mapping/spi/JaxbSingularAttribute
instanceKlass org/hibernate/boot/jaxb/mapping/spi/JaxbLockableAttribute
instanceKlass org/hibernate/boot/jaxb/mapping/spi/JaxbBasicMapping
instanceKlass org/hibernate/boot/jaxb/mapping/spi/JaxbPersistentAttribute
instanceKlass org/hibernate/boot/jaxb/mapping/spi/JaxbAttributesContainer
instanceKlass org/hibernate/boot/jaxb/mapping/spi/JaxbNaturalId
instanceKlass org/hibernate/boot/jaxb/mapping/spi/JaxbBaseAttributesContainer
instanceKlass org/hibernate/boot/jaxb/mapping/spi/JaxbEntity
instanceKlass org/hibernate/boot/jaxb/mapping/spi/JaxbEntityOrMappedSuperclass
instanceKlass org/hibernate/boot/jaxb/mapping/spi/JaxbLifecycleCallbackContainer
instanceKlass org/hibernate/boot/models/xml/internal/ManagedTypeProcessor
instanceKlass org/hibernate/boot/models/xml/spi/XmlDocument
instanceKlass org/hibernate/boot/models/xml/internal/XmlProcessingResultImpl
instanceKlass org/hibernate/boot/models/xml/spi/XmlProcessingResult
instanceKlass org/hibernate/boot/models/xml/spi/XmlProcessor
instanceKlass org/hibernate/boot/models/xml/spi/XmlDocumentContext
instanceKlass org/hibernate/boot/jaxb/mapping/spi/JaxbEntityMappingsImpl
instanceKlass org/hibernate/boot/jaxb/spi/JaxbBindableMappingDescriptor
instanceKlass org/hibernate/boot/internal/RootMappingDefaults
instanceKlass org/hibernate/boot/spi/EffectiveMappingDefaults
instanceKlass org/hibernate/boot/models/internal/DomainModelCategorizationCollector
instanceKlass org/hibernate/boot/jaxb/mapping/spi/JaxbManagedType
instanceKlass org/hibernate/boot/models/xml/internal/XmlPreProcessingResultImpl
instanceKlass org/hibernate/boot/models/xml/spi/XmlPreProcessingResult
instanceKlass org/hibernate/boot/models/xml/spi/XmlPreProcessor
instanceKlass org/hibernate/boot/internal/MetadataBuilderImpl$2
instanceKlass org/hibernate/boot/model/process/spi/MetadataBuildingProcess$3
instanceKlass org/hibernate/type/descriptor/jdbc/JdbcTypeFamilyInformation
instanceKlass org/hibernate/type/descriptor/jdbc/JsonAsStringArrayJdbcTypeConstructor
instanceKlass org/hibernate/internal/util/config/ConfigurationHelper$TypeCodeConverter
instanceKlass org/hibernate/dialect/type/SQLServerCastingXmlArrayJdbcTypeConstructor
instanceKlass org/hibernate/type/descriptor/jdbc/UUIDJdbcType
instanceKlass org/hibernate/type/descriptor/jdbc/TimestampUtcAsJdbcTimestampJdbcType
instanceKlass org/hibernate/type/descriptor/jdbc/XmlJdbcType
instanceKlass org/hibernate/type/format/JsonDocumentReader
instanceKlass org/hibernate/type/format/JsonDocumentWriter
instanceKlass org/hibernate/type/descriptor/jdbc/JsonJdbcType
instanceKlass org/hibernate/type/descriptor/jdbc/AggregateJdbcType
instanceKlass org/hibernate/type/descriptor/jdbc/TimeUtcAsOffsetTimeJdbcType
instanceKlass org/hibernate/type/descriptor/jdbc/TimestampUtcAsOffsetDateTimeJdbcType
instanceKlass org/hibernate/type/descriptor/jdbc/NClobJdbcType
instanceKlass org/hibernate/type/descriptor/jdbc/NVarcharJdbcType
instanceKlass org/hibernate/type/descriptor/sql/internal/CapacityDependentDdlType$TypeEntry
instanceKlass org/hibernate/type/descriptor/sql/internal/CapacityDependentDdlType$Builder
instanceKlass org/hibernate/type/SqlTypes
instanceKlass java/sql/Types
instanceKlass org/hibernate/type/descriptor/JdbcTypeNameMapper
instanceKlass org/hibernate/type/descriptor/sql/internal/DdlTypeImpl
instanceKlass org/hibernate/boot/model/process/spi/MetadataBuildingProcess$2
instanceKlass org/hibernate/boot/model/relational/AuxiliaryDatabaseObject
instanceKlass org/hibernate/sql/ast/internal/ParameterMarkerStrategyStandard
instanceKlass org/hibernate/engine/jdbc/internal/Formatter
instanceKlass org/hibernate/internal/log/ConnectionInfoLogger
instanceKlass org/hibernate/engine/jdbc/connections/internal/DatabaseConnectionInfoImpl
instanceKlass org/hibernate/resource/jdbc/internal/LogicalConnectionLogging
instanceKlass java/sql/Array
instanceKlass java/sql/Struct
instanceKlass java/sql/ShardingKey
instanceKlass com/zaxxer/hikari/pool/ProxyConnection$ClosedConnection
instanceKlass com/microsoft/sqlserver/jdbc/SQLServerLob
instanceKlass org/hibernate/engine/jdbc/env/internal/LobCreationHelper
instanceKlass org/hibernate/engine/jdbc/env/internal/AbstractLobCreator
instanceKlass org/hibernate/engine/jdbc/LobCreator
instanceKlass org/hibernate/engine/jdbc/env/internal/LobCreatorBuilderImpl
instanceKlass org/hibernate/engine/jdbc/env/internal/QualifiedObjectNameFormatterStandardImpl$1
instanceKlass org/hibernate/engine/jdbc/env/internal/QualifiedObjectNameFormatterStandardImpl$Format
instanceKlass org/hibernate/engine/jdbc/env/internal/QualifiedObjectNameFormatterStandardImpl
instanceKlass org/hibernate/boot/model/naming/Identifier
instanceKlass java/sql/DriverPropertyInfo
instanceKlass org/hibernate/engine/jdbc/cursor/internal/StandardRefCursorSupport
instanceKlass org/hibernate/engine/jdbc/env/internal/DefaultSchemaNameResolver
instanceKlass org/hibernate/tool/schema/extract/spi/ExtractionContext
instanceKlass org/hibernate/engine/jdbc/env/internal/ExtractedDatabaseMetaDataImpl
instanceKlass org/hibernate/engine/jdbc/env/internal/NormalizingIdentifierHelperImpl
instanceKlass org/hibernate/engine/jdbc/env/spi/IdentifierHelper
instanceKlass org/hibernate/engine/jdbc/env/spi/IdentifierHelperBuilder
instanceKlass org/hibernate/sql/ast/SqlAstTranslator
instanceKlass org/hibernate/sql/ast/SqlAstWalker
instanceKlass org/hibernate/sql/ast/spi/StandardSqlAstTranslatorFactory
instanceKlass org/hibernate/dialect/DialectLogging_$logger
instanceKlass org/hibernate/dialect/DialectLogging
instanceKlass org/hibernate/internal/log/DeprecationLogger
instanceKlass org/hibernate/dialect/unique/AlterTableUniqueDelegate
instanceKlass org/hibernate/engine/jdbc/env/spi/AnsiSqlKeywords
instanceKlass org/hibernate/loader/ast/spi/MultiKeyLoadSizingStrategy
instanceKlass org/hibernate/tool/schema/internal/StandardTableCleaner
instanceKlass org/hibernate/tool/schema/internal/StandardTableMigrator
instanceKlass org/hibernate/dialect/temptable/StandardTemporaryTableExporter
instanceKlass org/hibernate/tool/schema/internal/StandardAuxiliaryDatabaseObjectExporter
instanceKlass org/hibernate/tool/schema/internal/StandardUniqueKeyExporter
instanceKlass org/hibernate/tool/schema/internal/StandardForeignKeyExporter
instanceKlass org/hibernate/tool/schema/internal/StandardIndexExporter
instanceKlass org/hibernate/tool/schema/internal/StandardUserDefinedTypeExporter
instanceKlass org/hibernate/mapping/Value
instanceKlass org/hibernate/boot/model/relational/QualifiedName
instanceKlass org/hibernate/dialect/temptable/PersistentTemporaryTableStrategy
instanceKlass org/hibernate/dialect/Dialect$SizeStrategyImpl
instanceKlass com/microsoft/sqlserver/jdbc/DDC$1
instanceKlass com/microsoft/sqlserver/jdbc/DDC
instanceKlass com/microsoft/sqlserver/jdbc/InputStreamGetterArgs
instanceKlass com/zaxxer/hikari/pool/ProxyResultSet
instanceKlass com/zaxxer/hikari/pool/ProxyStatement
instanceKlass org/hibernate/dialect/SimpleDatabaseVersion
instanceKlass org/hibernate/dialect/Dialect$3
instanceKlass org/hibernate/dialect/Dialect$2
instanceKlass org/hibernate/dialect/Dialect$1
instanceKlass org/hibernate/sql/ast/tree/Statement
instanceKlass org/hibernate/sql/ast/tree/SqlAstNode
instanceKlass org/hibernate/dialect/pagination/LimitHandler
instanceKlass org/hibernate/tool/schema/internal/StandardSequenceExporter
instanceKlass org/hibernate/tool/schema/internal/StandardTableExporter
instanceKlass org/hibernate/dialect/unique/UniqueDelegate
instanceKlass org/hibernate/dialect/temporal/TemporalTableSupport
instanceKlass org/hibernate/sql/model/MutationOperation
instanceKlass org/hibernate/sql/model/MutationTarget
instanceKlass org/hibernate/engine/jdbc/env/spi/SchemaNameResolver
instanceKlass org/hibernate/procedure/spi/CallableStatementSupport
instanceKlass org/hibernate/dialect/temptable/TemporaryTableExporter
instanceKlass org/hibernate/tool/schema/extract/spi/InformationExtractor
instanceKlass org/hibernate/tool/schema/extract/spi/SequenceInformationExtractor
instanceKlass org/hibernate/sql/ast/spi/LockingClauseStrategy
instanceKlass org/hibernate/dialect/identity/IdentityColumnSupport
instanceKlass org/hibernate/tool/schema/spi/TableMigrator
instanceKlass org/hibernate/tool/schema/spi/Exporter
instanceKlass org/hibernate/tool/schema/spi/Cleaner
instanceKlass org/hibernate/dialect/FunctionalDependencyAnalysisSupport
instanceKlass org/hibernate/dialect/temptable/TemporaryTableStrategy
instanceKlass org/hibernate/dialect/lock/LockingStrategy
instanceKlass org/hibernate/dialect/LobMergeStrategy
instanceKlass org/hibernate/dialect/Dialect$SizeStrategy
instanceKlass org/hibernate/sql/ast/SqlAstTranslatorFactory
instanceKlass org/hibernate/engine/jdbc/env/spi/LobCreatorBuilder
instanceKlass org/hibernate/engine/jdbc/env/spi/QualifiedObjectNameFormatter
instanceKlass org/hibernate/engine/jdbc/env/internal/JdbcEnvironmentImpl
instanceKlass org/hibernate/engine/jdbc/env/internal/JdbcEnvironmentInitiator$DialectResolutionInfoImpl
instanceKlass com/zaxxer/hikari/pool/ProxyDatabaseMetaData
instanceKlass com/microsoft/sqlserver/jdbc/ColumnFilter
instanceKlass com/microsoft/sqlserver/jdbc/SQLServerDatabaseMetaData
instanceKlass org/hibernate/jdbc/WorkExecutor
instanceKlass com/zaxxer/hikari/pool/ProxyConnection
instanceKlass com/zaxxer/hikari/pool/ProxyFactory
instanceKlass com/zaxxer/hikari/pool/ProxyLeakTask
instanceKlass java/util/concurrent/atomic/AtomicReferenceFieldUpdater$AtomicReferenceFieldUpdaterImpl$1
instanceKlass java/util/concurrent/atomic/AtomicReferenceFieldUpdater
instanceKlass com/zaxxer/hikari/pool/HikariPool$HouseKeeper
instanceKlass com/zaxxer/hikari/pool/ProxyLeakTaskFactory
instanceKlass java/util/concurrent/ThreadPoolExecutor$CallerRunsPolicy
instanceKlass com/zaxxer/hikari/util/UtilityElf$CustomDiscardPolicy
instanceKlass com/zaxxer/hikari/pool/PoolBase$NopMetricsTrackerDelegate
instanceKlass com/zaxxer/hikari/pool/HikariPool$KeepaliveTask
instanceKlass com/zaxxer/hikari/pool/HikariPool$MaxLifetimeTask
instanceKlass com/microsoft/sqlserver/jdbc/ServerDTVImpl$1
instanceKlass com/microsoft/sqlserver/jdbc/SQLServerResultSet$FetchBuffer
instanceKlass com/microsoft/sqlserver/jdbc/DTVExecuteOp
instanceKlass com/microsoft/sqlserver/jdbc/DTVImpl
instanceKlass com/microsoft/sqlserver/jdbc/DTV
instanceKlass com/microsoft/sqlserver/jdbc/SQLIdentifier
instanceKlass com/microsoft/sqlserver/jdbc/TypeInfo$Builder$18
instanceKlass com/microsoft/sqlserver/jdbc/TypeInfo$Builder$17
instanceKlass com/microsoft/sqlserver/jdbc/TypeInfo$Builder$16
instanceKlass com/microsoft/sqlserver/jdbc/TypeInfo$Builder$15
instanceKlass com/microsoft/sqlserver/jdbc/TypeInfo$Builder$14
instanceKlass com/microsoft/sqlserver/jdbc/TypeInfo$Builder$13
instanceKlass com/microsoft/sqlserver/jdbc/TypeInfo$Builder$12
instanceKlass com/microsoft/sqlserver/jdbc/TypeInfo$Builder$11
instanceKlass com/microsoft/sqlserver/jdbc/TypeInfo$Builder$10
instanceKlass com/microsoft/sqlserver/jdbc/TypeInfo$Builder$9
instanceKlass com/microsoft/sqlserver/jdbc/TypeInfo$Builder$8
instanceKlass com/microsoft/sqlserver/jdbc/TypeInfo$Builder$7
instanceKlass com/microsoft/sqlserver/jdbc/TypeInfo$Builder$6
instanceKlass com/microsoft/sqlserver/jdbc/TypeInfo$Builder$5
instanceKlass com/microsoft/sqlserver/jdbc/TypeInfo$Builder$4
instanceKlass com/microsoft/sqlserver/jdbc/TypeInfo$Builder$3
instanceKlass com/microsoft/sqlserver/jdbc/TypeInfo$Builder$KatmaiScaledTemporalStrategy
instanceKlass com/microsoft/sqlserver/jdbc/TypeInfo$Builder$BigOrSmallByteLenStrategy
instanceKlass com/microsoft/sqlserver/jdbc/TypeInfo$Builder$DecimalNumericStrategy
instanceKlass com/microsoft/sqlserver/jdbc/TypeInfo$Builder$2
instanceKlass com/microsoft/sqlserver/jdbc/TypeInfo$Builder$1
instanceKlass com/microsoft/sqlserver/jdbc/TypeInfo$Builder$FixedLenStrategy
instanceKlass com/microsoft/sqlserver/jdbc/TypeInfo$Builder$Strategy
instanceKlass com/microsoft/sqlserver/jdbc/TypeInfo
instanceKlass com/microsoft/sqlserver/jdbc/Column
instanceKlass java/math/MathContext
instanceKlass com/microsoft/sqlserver/jdbc/SQLServerSQLXML
instanceKlass com/microsoft/sqlserver/jdbc/SQLServerSpatialDatatype
instanceKlass com/microsoft/sqlserver/jdbc/TVP
instanceKlass microsoft/sql/Vector
instanceKlass microsoft/sql/DateTimeOffset
instanceKlass com/microsoft/sqlserver/jdbc/Util$1
instanceKlass java/sql/ResultSetMetaData
instanceKlass com/microsoft/sqlserver/jdbc/SQLServerResultSet
instanceKlass com/microsoft/sqlserver/jdbc/ISQLServerResultSet
instanceKlass com/microsoft/sqlserver/jdbc/TDSTimeoutTask
instanceKlass com/microsoft/sqlserver/jdbc/SharedTimer
instanceKlass com/microsoft/sqlserver/jdbc/SQLServerStatement$ExecuteProperties
instanceKlass java/sql/ResultSet
instanceKlass com/microsoft/sqlserver/jdbc/SQLServerStatement
instanceKlass java/util/JumboEnumSet$EnumSetIterator
instanceKlass com/microsoft/sqlserver/jdbc/SQLCollation
instanceKlass com/microsoft/sqlserver/jdbc/TDSReaderMark
instanceKlass com/microsoft/sqlserver/jdbc/StreamPacket
instanceKlass com/microsoft/sqlserver/jdbc/TDSParser
instanceKlass com/microsoft/sqlserver/jdbc/ISQLServerMessage
instanceKlass com/microsoft/sqlserver/jdbc/SSPIAuthentication$RealmValidator
instanceKlass com/microsoft/sqlserver/jdbc/MaxResultBufferCounter
instanceKlass com/microsoft/sqlserver/jdbc/ICounter
instanceKlass com/microsoft/sqlserver/jdbc/SessionStateValue
instanceKlass com/microsoft/sqlserver/jdbc/SessionStateTable
instanceKlass javax/crypto/spec/IvParameterSpec
instanceKlass javax/crypto/MacSpi
instanceKlass javax/crypto/Mac
instanceKlass sun/security/ssl/Authenticator$1
instanceKlass sun/security/ssl/ChangeCipherSpec$T13ChangeCipherSpecConsumer
instanceKlass sun/security/ssl/ChangeCipherSpec$T10ChangeCipherSpecProducer
instanceKlass sun/security/ssl/ChangeCipherSpec$T10ChangeCipherSpecConsumer
instanceKlass sun/security/ssl/ChangeCipherSpec
instanceKlass sun/security/internal/spec/TlsPrfParameterSpec
instanceKlass sun/security/ssl/Finished$1
instanceKlass sun/security/ssl/Finished$T13VerifyDataGenerator
instanceKlass sun/security/ssl/Finished$T12VerifyDataGenerator
instanceKlass sun/security/ssl/Finished$T10VerifyDataGenerator
instanceKlass sun/security/ssl/Finished$S30VerifyDataGenerator
instanceKlass sun/security/ssl/Finished$VerifyDataGenerator
instanceKlass sun/security/internal/spec/TlsKeyMaterialSpec
instanceKlass sun/security/internal/spec/TlsKeyMaterialParameterSpec
instanceKlass sun/security/ssl/SSLTrafficKeyDerivation$LegacyTrafficKeyDerivation
instanceKlass sun/security/ssl/SSLTrafficKeyDerivation$1
instanceKlass sun/security/ssl/SSLTrafficKeyDerivation$T13TrafficKeyDerivationGenerator
instanceKlass sun/security/ssl/SSLTrafficKeyDerivation$T12TrafficKeyDerivationGenerator
instanceKlass sun/security/ssl/SSLTrafficKeyDerivation$T10TrafficKeyDerivationGenerator
instanceKlass sun/security/ssl/SSLTrafficKeyDerivation$S30TrafficKeyDerivationGenerator
instanceKlass com/sun/crypto/provider/TlsMasterSecretGenerator$TlsMasterSecretKey
instanceKlass sun/security/internal/interfaces/TlsMasterSecret
instanceKlass sun/security/internal/spec/TlsMasterSecretParameterSpec
instanceKlass sun/security/ssl/SSLMasterKeyDerivation$LegacyMasterKeyDerivation
instanceKlass sun/security/ssl/SSLMasterKeyDerivation$1
instanceKlass sun/security/ssl/SSLKeyDerivationGenerator
instanceKlass javax/crypto/spec/SecretKeySpec$1
instanceKlass jdk/internal/access/JavaxCryptoSpecAccess
instanceKlass javax/crypto/spec/SecretKeySpec
instanceKlass javax/crypto/KeyAgreementSpi
instanceKlass sun/security/ssl/KAKeyDerivation
instanceKlass sun/security/ssl/ECDHKeyExchange$1
instanceKlass sun/security/ssl/ECDHClientKeyExchange$ECDHEClientKeyExchangeProducer
instanceKlass sun/security/ssl/ECDHClientKeyExchange$ECDHEClientKeyExchangeConsumer
instanceKlass sun/security/ssl/ECDHClientKeyExchange$ECDHClientKeyExchangeProducer
instanceKlass sun/security/ssl/ECDHClientKeyExchange$ECDHClientKeyExchangeConsumer
instanceKlass sun/security/ssl/ECDHClientKeyExchange
instanceKlass java/security/spec/ECPublicKeySpec
instanceKlass sun/security/ssl/ECDHKeyExchange$ECDHECredentials
instanceKlass sun/security/ssl/NamedGroupCredentials
instanceKlass sun/security/ssl/ECDHServerKeyExchange$ECDHServerKeyExchangeProducer
instanceKlass sun/security/ssl/ECDHServerKeyExchange$ECDHServerKeyExchangeConsumer
instanceKlass sun/security/ssl/ECDHServerKeyExchange
instanceKlass sun/security/ssl/X509Authentication$X509Credentials
instanceKlass sun/security/provider/certpath/CertPathHelper
instanceKlass sun/security/provider/certpath/CertPathConstraintsParameters
instanceKlass sun/security/util/DisabledAlgorithmConstraints$CertPathHolder
instanceKlass java/security/cert/PKIXCertPathChecker
instanceKlass java/security/cert/CertPathChecker
instanceKlass sun/security/ssl/SSLAlgorithmConstraints$SupportedSignatureAlgorithmConstraints
instanceKlass sun/security/ssl/SSLConfiguration$1
instanceKlass javax/net/ssl/SSLEngine
instanceKlass sun/security/ssl/X509Authentication$X509PossessionGenerator
instanceKlass sun/security/ssl/SSLAuthentication
instanceKlass sun/security/ssl/SSLKeyExchange$SSLKeyExECDHERSAOrPSS
instanceKlass sun/security/ssl/SSLKeyExchange$1
instanceKlass sun/security/ssl/RenegoInfoExtension$RenegotiationInfoSpec
instanceKlass sun/security/ssl/HandshakeHash$CloneableHash
instanceKlass sun/security/ssl/HandshakeHash$T12HandshakeHash
instanceKlass sun/security/util/ByteArrays
instanceKlass sun/security/ssl/TransportContext$1
instanceKlass sun/security/ssl/Plaintext
instanceKlass sun/security/ssl/OutputRecord$T13PaddingHolder
instanceKlass sun/security/ssl/KeyShareExtension$CHKeyShareSpec
instanceKlass java/security/interfaces/ECPublicKey
instanceKlass sun/security/util/ArrayUtil
instanceKlass java/security/interfaces/ECPrivateKey
instanceKlass sun/security/ec/ECOperations
instanceKlass sun/security/ssl/ECDHKeyExchange$ECDHEPossession
instanceKlass sun/security/ssl/KeyShareExtension$KeyShareEntry
instanceKlass sun/security/ssl/XDHKeyExchange$1
instanceKlass java/security/interfaces/XECPrivateKey
instanceKlass java/security/interfaces/XECPublicKey
instanceKlass java/security/KeyPair
instanceKlass sun/security/util/math/MutableIntegerModuloP
instanceKlass sun/security/jca/JCAUtil$CachedSecureRandomHolder
instanceKlass sun/security/ec/XECOperations
instanceKlass sun/security/ec/XECParameters
instanceKlass sun/security/ssl/XDHKeyExchange$XDHEPossession
instanceKlass sun/security/ssl/ECDHKeyExchange$ECDHEXDHKAGenerator
instanceKlass sun/security/ssl/ECDHKeyExchange$ECDHEKAGenerator
instanceKlass sun/security/ssl/ECDHKeyExchange$ECDHKAGenerator
instanceKlass sun/security/ssl/ECDHKeyExchange$ECDHEPossessionGenerator
instanceKlass sun/security/ssl/ECDHKeyExchange
instanceKlass sun/security/ssl/DHKeyExchange$DHEKAGenerator
instanceKlass sun/security/ssl/DHKeyExchange$DHEPossessionGenerator
instanceKlass sun/security/ssl/DHKeyExchange
instanceKlass sun/security/ssl/RSAKeyExchange$RSAKAGenerator
instanceKlass sun/security/ssl/RSAKeyExchange$EphemeralRSAPossessionGenerator
instanceKlass sun/security/ssl/RSAKeyExchange
instanceKlass sun/security/ssl/SSLKeyExchange$T13KeyAgreement
instanceKlass sun/security/ssl/SSLKeyAgreement
instanceKlass sun/security/ssl/SSLPossessionGenerator
instanceKlass sun/security/ssl/SSLKeyExchange
instanceKlass sun/security/ssl/SSLHandshakeBinding
instanceKlass sun/security/ssl/SSLKeyAgreementGenerator
instanceKlass sun/security/ssl/PskKeyExchangeModesExtension$PskKeyExchangeModesSpec
instanceKlass sun/security/ssl/SupportedVersionsExtension$CHSupportedVersionsSpec
instanceKlass sun/security/ssl/SignatureAlgorithmsExtension$SignatureSchemesSpec
instanceKlass sun/security/ssl/SessionTicketExtension$SessionTicketSpec
instanceKlass sun/security/ssl/ExtendedMasterSecretExtension$ExtendedMasterSecretSpec
instanceKlass sun/security/ssl/CertStatusExtension$CertStatusRequestV2Spec
instanceKlass sun/security/ssl/ECPointFormatsExtension$ECPointFormatsSpec
instanceKlass sun/security/ssl/SupportedGroupsExtension$SupportedGroupsSpec
instanceKlass sun/security/ssl/CertStatusExtension$CertStatusRequest
instanceKlass sun/security/ssl/CertStatusExtension$CertStatusRequestSpec
instanceKlass sun/security/ssl/SSLExtension$SSLExtensionSpec
instanceKlass sun/security/ssl/SSLExtension$ClientExtensions
instanceKlass sun/security/ssl/PreSharedKeyExtension$SHPreSharedKeyStringizer
instanceKlass sun/security/ssl/PreSharedKeyExtension$SHPreSharedKeyAbsence
instanceKlass sun/security/ssl/PreSharedKeyExtension$SHPreSharedKeyConsumer
instanceKlass sun/security/ssl/PreSharedKeyExtension$SHPreSharedKeyProducer
instanceKlass sun/security/ssl/PreSharedKeyExtension$CHPreSharedKeyStringizer
instanceKlass sun/security/ssl/PreSharedKeyExtension$CHPreSharedKeyOnTradeAbsence
instanceKlass sun/security/ssl/PreSharedKeyExtension$CHPreSharedKeyUpdate
instanceKlass sun/security/ssl/PreSharedKeyExtension$CHPreSharedKeyOnLoadAbsence
instanceKlass sun/security/ssl/PreSharedKeyExtension$CHPreSharedKeyConsumer
instanceKlass sun/security/ssl/PreSharedKeyExtension$CHPreSharedKeyProducer
instanceKlass sun/security/ssl/PreSharedKeyExtension
instanceKlass sun/security/ssl/RenegoInfoExtension$RenegotiationInfoStringizer
instanceKlass sun/security/ssl/RenegoInfoExtension$SHRenegotiationInfoAbsence
instanceKlass sun/security/ssl/RenegoInfoExtension$SHRenegotiationInfoConsumer
instanceKlass sun/security/ssl/RenegoInfoExtension$SHRenegotiationInfoProducer
instanceKlass sun/security/ssl/RenegoInfoExtension$CHRenegotiationInfoAbsence
instanceKlass sun/security/ssl/RenegoInfoExtension$CHRenegotiationInfoConsumer
instanceKlass sun/security/ssl/RenegoInfoExtension$CHRenegotiationInfoProducer
instanceKlass sun/security/ssl/RenegoInfoExtension
instanceKlass sun/security/ssl/KeyShareExtension$HRRKeyShareStringizer
instanceKlass sun/security/ssl/KeyShareExtension$HRRKeyShareReproducer
instanceKlass sun/security/ssl/KeyShareExtension$HRRKeyShareConsumer
instanceKlass sun/security/ssl/KeyShareExtension$HRRKeyShareProducer
instanceKlass sun/security/ssl/KeyShareExtension$SHKeyShareStringizer
instanceKlass sun/security/ssl/KeyShareExtension$SHKeyShareAbsence
instanceKlass sun/security/ssl/KeyShareExtension$SHKeyShareConsumer
instanceKlass sun/security/ssl/KeyShareExtension$SHKeyShareProducer
instanceKlass sun/security/ssl/KeyShareExtension$CHKeyShareStringizer
instanceKlass sun/security/ssl/KeyShareExtension$CHKeyShareOnTradeAbsence
instanceKlass sun/security/ssl/KeyShareExtension$CHKeyShareConsumer
instanceKlass sun/security/ssl/KeyShareExtension$CHKeyShareProducer
instanceKlass sun/security/ssl/KeyShareExtension
instanceKlass sun/security/ssl/CertSignAlgsExtension$CertSignatureSchemesStringizer
instanceKlass sun/security/ssl/CertSignAlgsExtension$CRCertSignatureSchemesUpdate
instanceKlass sun/security/ssl/CertSignAlgsExtension$CRCertSignatureSchemesConsumer
instanceKlass sun/security/ssl/CertSignAlgsExtension$CRCertSignatureSchemesProducer
instanceKlass sun/security/ssl/CertSignAlgsExtension$CHCertSignatureSchemesUpdate
instanceKlass sun/security/ssl/CertSignAlgsExtension$CHCertSignatureSchemesConsumer
instanceKlass sun/security/ssl/CertSignAlgsExtension$CHCertSignatureSchemesProducer
instanceKlass sun/security/ssl/CertSignAlgsExtension
instanceKlass sun/security/ssl/CertificateAuthoritiesExtension$CertificateAuthoritiesStringizer
instanceKlass sun/security/ssl/CertificateAuthoritiesExtension$CRCertificateAuthoritiesConsumer
instanceKlass sun/security/ssl/CertificateAuthoritiesExtension$CRCertificateAuthoritiesProducer
instanceKlass sun/security/ssl/CertificateAuthoritiesExtension$CHCertificateAuthoritiesConsumer
instanceKlass sun/security/ssl/CertificateAuthoritiesExtension$CHCertificateAuthoritiesProducer
instanceKlass sun/security/ssl/CertificateAuthoritiesExtension
instanceKlass sun/security/ssl/PskKeyExchangeModesExtension$PskKeyExchangeModesStringizer
instanceKlass sun/security/ssl/PskKeyExchangeModesExtension$PskKeyExchangeModesOnTradeAbsence
instanceKlass sun/security/ssl/PskKeyExchangeModesExtension$PskKeyExchangeModesOnLoadAbsence
instanceKlass sun/security/ssl/PskKeyExchangeModesExtension$PskKeyExchangeModesConsumer
instanceKlass sun/security/ssl/PskKeyExchangeModesExtension$PskKeyExchangeModesProducer
instanceKlass sun/security/ssl/PskKeyExchangeModesExtension
instanceKlass sun/security/ssl/CookieExtension$CookieStringizer
instanceKlass sun/security/ssl/CookieExtension$HRRCookieReproducer
instanceKlass sun/security/ssl/CookieExtension$HRRCookieConsumer
instanceKlass sun/security/ssl/CookieExtension$HRRCookieProducer
instanceKlass sun/security/ssl/CookieExtension$CHCookieUpdate
instanceKlass sun/security/ssl/CookieExtension$CHCookieConsumer
instanceKlass sun/security/ssl/CookieExtension$CHCookieProducer
instanceKlass sun/security/ssl/CookieExtension
instanceKlass sun/security/ssl/SupportedVersionsExtension$HRRSupportedVersionsReproducer
instanceKlass sun/security/ssl/SupportedVersionsExtension$HRRSupportedVersionsConsumer
instanceKlass sun/security/ssl/SupportedVersionsExtension$HRRSupportedVersionsProducer
instanceKlass sun/security/ssl/SupportedVersionsExtension$SHSupportedVersionsStringizer
instanceKlass sun/security/ssl/SupportedVersionsExtension$SHSupportedVersionsConsumer
instanceKlass sun/security/ssl/SupportedVersionsExtension$SHSupportedVersionsProducer
instanceKlass sun/security/ssl/SupportedVersionsExtension$CHSupportedVersionsStringizer
instanceKlass sun/security/ssl/SupportedVersionsExtension$CHSupportedVersionsConsumer
instanceKlass sun/security/ssl/SupportedVersionsExtension$CHSupportedVersionsProducer
instanceKlass sun/security/ssl/SupportedVersionsExtension
instanceKlass sun/security/ssl/SignatureAlgorithmsExtension$SignatureSchemesStringizer
instanceKlass sun/security/ssl/SignatureAlgorithmsExtension$CRSignatureSchemesUpdate
instanceKlass sun/security/ssl/SignatureAlgorithmsExtension$CRSignatureSchemesAbsence
instanceKlass sun/security/ssl/SignatureAlgorithmsExtension$CRSignatureSchemesConsumer
instanceKlass sun/security/ssl/SignatureAlgorithmsExtension$CRSignatureSchemesProducer
instanceKlass sun/security/ssl/SignatureAlgorithmsExtension$CHSignatureSchemesOnTradeAbsence
instanceKlass sun/security/ssl/SignatureAlgorithmsExtension$CHSignatureSchemesUpdate
instanceKlass sun/security/ssl/SignatureAlgorithmsExtension$CHSignatureSchemesOnLoadAbsence
instanceKlass sun/security/ssl/SignatureAlgorithmsExtension$CHSignatureSchemesConsumer
instanceKlass sun/security/ssl/SignatureAlgorithmsExtension$CHSignatureSchemesProducer
instanceKlass sun/security/ssl/SignatureAlgorithmsExtension
instanceKlass sun/security/ssl/SessionTicketExtension$SessionTicketStringizer
instanceKlass sun/security/ssl/SessionTicketExtension$T12SHSessionTicketConsumer
instanceKlass sun/security/ssl/SessionTicketExtension$T12CHSessionTicketConsumer
instanceKlass sun/security/ssl/SessionTicketExtension
instanceKlass sun/security/ssl/ExtendedMasterSecretExtension$ExtendedMasterSecretStringizer
instanceKlass sun/security/ssl/ExtendedMasterSecretExtension$SHExtendedMasterSecretAbsence
instanceKlass sun/security/ssl/ExtendedMasterSecretExtension$SHExtendedMasterSecretConsumer
instanceKlass sun/security/ssl/ExtendedMasterSecretExtension$SHExtendedMasterSecretProducer
instanceKlass sun/security/ssl/ExtendedMasterSecretExtension$CHExtendedMasterSecretAbsence
instanceKlass sun/security/ssl/ExtendedMasterSecretExtension$CHExtendedMasterSecretConsumer
instanceKlass sun/security/ssl/ExtendedMasterSecretExtension$CHExtendedMasterSecretProducer
instanceKlass sun/security/ssl/ExtendedMasterSecretExtension
instanceKlass sun/security/ssl/AlpnExtension$AlpnStringizer
instanceKlass sun/security/ssl/AlpnExtension$SHAlpnAbsence
instanceKlass sun/security/ssl/AlpnExtension$SHAlpnConsumer
instanceKlass sun/security/ssl/AlpnExtension$SHAlpnProducer
instanceKlass sun/security/ssl/AlpnExtension$CHAlpnAbsence
instanceKlass sun/security/ssl/AlpnExtension$CHAlpnConsumer
instanceKlass sun/security/ssl/AlpnExtension$CHAlpnProducer
instanceKlass sun/security/ssl/AlpnExtension
instanceKlass sun/security/ssl/ECPointFormatsExtension$ECPointFormatsStringizer
instanceKlass sun/security/ssl/ECPointFormatsExtension$SHECPointFormatsConsumer
instanceKlass sun/security/ssl/ECPointFormatsExtension$CHECPointFormatsConsumer
instanceKlass sun/security/ssl/ECPointFormatsExtension$CHECPointFormatsProducer
instanceKlass sun/security/ssl/ECPointFormatsExtension
instanceKlass sun/security/ssl/SupportedGroupsExtension$EESupportedGroupsConsumer
instanceKlass sun/security/ssl/SupportedGroupsExtension$SupportedGroupsStringizer
instanceKlass sun/security/ssl/SupportedGroupsExtension$CHSupportedGroupsOnTradeAbsence
instanceKlass sun/security/ssl/SupportedGroupsExtension$CHSupportedGroupsConsumer
instanceKlass sun/security/ssl/SupportedGroupsExtension
instanceKlass sun/security/ssl/CertStatusExtension$CertStatusRespStringizer
instanceKlass sun/security/ssl/CertStatusExtension$CertStatusRequestsStringizer
instanceKlass sun/security/ssl/CertStatusExtension$SHCertStatusReqV2Consumer
instanceKlass sun/security/ssl/CertStatusExtension$SHCertStatusReqV2Producer
instanceKlass sun/security/ssl/CertStatusExtension$CHCertStatusReqV2Consumer
instanceKlass sun/security/ssl/CertStatusExtension$CHCertStatusReqV2Producer
instanceKlass sun/security/ssl/CertStatusExtension$CertStatusRequestStringizer
instanceKlass sun/security/ssl/CertStatusExtension$CTCertStatusResponseConsumer
instanceKlass sun/security/ssl/CertStatusExtension$CTCertStatusResponseProducer
instanceKlass sun/security/ssl/CertStatusExtension$SHCertStatusReqConsumer
instanceKlass sun/security/ssl/CertStatusExtension$SHCertStatusReqProducer
instanceKlass sun/security/ssl/CertStatusExtension$CHCertStatusReqConsumer
instanceKlass sun/security/ssl/CertStatusExtension$CHCertStatusReqProducer
instanceKlass sun/security/ssl/CertStatusExtension
instanceKlass sun/security/ssl/MaxFragExtension$MaxFragLenStringizer
instanceKlass sun/security/ssl/MaxFragExtension$EEMaxFragmentLengthUpdate
instanceKlass sun/security/ssl/MaxFragExtension$EEMaxFragmentLengthConsumer
instanceKlass sun/security/ssl/MaxFragExtension$EEMaxFragmentLengthProducer
instanceKlass sun/security/ssl/MaxFragExtension$SHMaxFragmentLengthUpdate
instanceKlass sun/security/ssl/MaxFragExtension$SHMaxFragmentLengthConsumer
instanceKlass sun/security/ssl/MaxFragExtension$SHMaxFragmentLengthProducer
instanceKlass sun/security/ssl/MaxFragExtension$CHMaxFragmentLengthConsumer
instanceKlass sun/security/ssl/MaxFragExtension$CHMaxFragmentLengthProducer
instanceKlass sun/security/ssl/MaxFragExtension
instanceKlass sun/security/ssl/ServerNameExtension$EEServerNameConsumer
instanceKlass sun/security/ssl/ServerNameExtension$EEServerNameProducer
instanceKlass sun/security/ssl/ServerNameExtension$SHServerNamesStringizer
instanceKlass sun/security/ssl/ServerNameExtension$SHServerNameConsumer
instanceKlass sun/security/ssl/ServerNameExtension$SHServerNameProducer
instanceKlass sun/security/ssl/ServerNameExtension$CHServerNamesStringizer
instanceKlass sun/security/ssl/ServerNameExtension$CHServerNameConsumer
instanceKlass sun/security/ssl/SSLExtension$ExtensionConsumer
instanceKlass sun/security/ssl/ServerNameExtension$CHServerNameProducer
instanceKlass sun/security/ssl/ServerNameExtension
instanceKlass sun/security/ssl/SSLStringizer
instanceKlass sun/security/ssl/SSLExtensions
instanceKlass sun/security/ssl/SSLHandshake$HandshakeMessage
instanceKlass sun/security/ssl/RandomCookie
instanceKlass sun/security/ssl/SupportedGroupsExtension$SupportedGroups
instanceKlass sun/security/ssl/SSLKeyDerivation
instanceKlass sun/security/ssl/SSLCredentials
instanceKlass sun/security/ssl/NamedGroupPossession
instanceKlass sun/security/ssl/SSLPossession
instanceKlass sun/security/ssl/HandshakeContext
